date,daily_request_count,lag_1,lag_7,lag_14,roll_mean_7,roll_std_7,roll_mean_14,roll_std_14,day_of_week,week_of_year
2023-01-20,8127,7986.0,7790.0,3812.0,7854.857142857143,890.2919799278269,7889.357142857143,794.4051095140175,4,3
2023-01-21,6699,8127.0,7166.0,7075.0,7788.142857142857,964.887286780418,7862.5,829.6295512502506,5,3
2023-01-22,6449,6699.0,6835.0,6759.0,7733.0,1036.7884708721124,7840.357142857143,864.7415449488012,6,3
2023-01-23,7987,6449.0,7053.0,8589.0,7866.428571428572,993.9043980086581,7797.357142857143,839.2425712549343,0,4
2023-01-24,8851,7987.0,9287.0,8550.0,7804.142857142857,899.1919388301606,7818.857142857143,863.511868622978,1,4
2023-01-25,7863,8851.0,8530.0,8612.0,7708.857142857143,843.0417997884067,7765.357142857143,833.2645352553329,2,4
2023-01-26,8940,7863.0,7986.0,8092.0,7845.142857142857,963.7777109844762,7825.928571428572,887.8674939500753,3,4
2023-01-27,8178,8940.0,8127.0,7790.0,7852.428571428572,966.4525953442411,7853.642857142857,892.7021733644825,4,4
2023-01-28,6936,8178.0,6699.0,7166.0,7886.285714285715,922.4607876554458,7837.214285714285,908.3103653378728,5,4
2023-01-29,6998,6936.0,6449.0,6835.0,7964.714285714285,794.3348819999698,7848.857142857143,895.428978169154,6,4
2023-01-30,8455,6998.0,7987.0,7053.0,8031.571428571428,815.9250082254008,7949.0,877.8001349527564,0,5
2023-01-31,8381,8455.0,8851.0,9287.0,7964.428571428572,754.2636270214946,7884.285714285715,801.6655190262362,1,5
2023-02-01,6461,8381.0,7863.0,8530.0,7764.142857142857,947.1616244639259,7736.5,861.9167146986551,2,5
2023-02-02,4541,6461.0,8940.0,7986.0,7135.714285714285,1391.8957952238745,7490.428571428572,1207.634669304212,3,5
2023-02-03,2621,4541.0,8178.0,8127.0,6341.857142857143,2101.946116386067,7097.142857142857,1756.299425021163,4,5
2023-02-04,10925,2621.0,6936.0,6699.0,6911.714285714285,2735.2055812001713,7399.0,2025.186866971501,5,5
2023-02-05,7868,10925.0,6998.0,6449.0,7036.0,2759.4385298462435,7500.357142857143,2009.4315923105776,6,5
2023-02-06,8847,7868.0,8455.0,7987.0,7092.0,2796.7604473747833,7561.785714285715,2038.3891897797603,0,6
2023-02-07,8703,8847.0,8381.0,8851.0,7138.0,2824.010210085414,7551.214285714285,2031.5611344129277,1,6
2023-02-08,8309,8703.0,6461.0,7863.0,7402.0,2836.5249279120862,7583.071428571428,2040.3044442618666,2,6
2023-02-09,8232,8309.0,4541.0,8940.0,7929.285714285715,2544.0325413462333,7532.5,2012.6713496093842,3,6
2023-02-10,8031,8232.0,2621.0,8178.0,8702.142857142857,1039.5432376083022,7522.0,2009.4255972215615,4,6
2023-02-11,7045,8031.0,10925.0,6936.0,8147.857142857143,596.9786228923774,7529.785714285715,2007.1903508126984,5,6
2023-02-12,7037,7045.0,7868.0,6998.0,8029.142857142857,729.7639866357332,7532.571428571428,2006.4224462876784,6,6
2023-02-13,7740,7037.0,8847.0,8455.0,7871.0,637.0481405147768,7481.5,1990.1708372746448,0,7
2023-02-14,8027,7740.0,8703.0,8381.0,7774.428571428572,532.5742067677392,7456.214285714285,1980.0866017801973,1,7
2023-02-15,8490,8027.0,8309.0,6461.0,7800.285714285715,566.1871640737767,7601.142857142857,1975.8904460888145,2,7
2023-02-16,8077,8490.0,8232.0,4541.0,7778.142857142857,549.2675209074449,7853.714285714285,1769.8920622704404,3,7
2023-02-17,7747,8077.0,8031.0,2621.0,7737.571428571428,537.8475177789268,8219.857142857143,939.55692152802,4,7
2023-02-18,7200,7747.0,7045.0,10925.0,7759.714285714285,506.8818778524626,7953.785714285715,568.8834108715381,5,7
2023-02-19,6630,7200.0,7037.0,7868.0,7701.571428571428,615.3386214497018,7865.357142857143,670.4041957761641,6,7
2023-02-20,6588,6630.0,7740.0,8847.0,7537.0,743.9565399492989,7704.0,687.5964827403657,0,8
2023-02-21,8022,6588.0,8027.0,8703.0,7536.285714285715,743.4098722072753,7655.357142857143,633.4431681317163,1,8
2023-02-22,7637,8022.0,8490.0,8309.0,7414.428571428572,620.8297826680173,7607.357142857143,604.9211782274863,2,8
2023-02-23,7729,7637.0,8077.0,8232.0,7364.714285714285,570.8519114112722,7571.428571428572,579.365131884854,3,8
2023-02-24,7821,7729.0,7747.0,8031.0,7375.285714285715,579.727440062917,7556.428571428572,569.180343771868,4,8
2023-02-25,7372,7821.0,7200.0,7045.0,7399.857142857143,574.682935356945,7579.785714285715,553.0599047497084,5,8
2023-02-26,6787,7372.0,6630.0,7037.0,7422.285714285715,541.749546772833,7561.928571428572,575.5136119870804,6,8
2023-02-27,8399,6787.0,6588.0,7740.0,7681.0,508.32437150570183,7609.0,616.676327020659,0,9
2023-02-28,8116,8399.0,8022.0,8027.0,7694.428571428572,519.942899795371,7615.357142857143,621.7546643470887,1,9
2023-03-01,7386,8116.0,7637.0,8490.0,7658.571428571428,533.0531109069893,7536.5,570.1599977873939,2,9
2023-03-02,6655,7386.0,7729.0,8077.0,7505.142857142857,650.9335420689854,7434.928571428572,592.682229592488,3,9
2023-03-03,5925,6655.0,7821.0,7747.0,7234.285714285715,858.8584893694086,7304.785714285715,707.7545400850395,4,9
2023-03-04,5194,5925.0,7372.0,7200.0,6923.142857142857,1146.8768356674016,7161.5,905.9172784446775,5,9
2023-03-05,4464,5194.0,6787.0,6630.0,6591.285714285715,1480.4224300612866,7006.785714285715,1154.5169605024898,6,9
2023-03-06,3733,4464.0,8399.0,6588.0,5924.714285714285,1578.0603826940721,6802.857142857143,1448.8164324527281,0,10
2023-03-07,3003,3733.0,8116.0,8022.0,5194.285714285715,1578.0603826940708,6444.357142857143,1719.5972519142972,1,10
2023-03-08,8780,3003.0,7386.0,7637.0,5393.428571428572,1945.8407657653472,6526.0,1805.5620049851923,2,10
2023-03-09,8916,8780.0,6655.0,7729.0,5716.428571428572,2338.247980657229,6610.785714285715,1892.1895001282503,3,10
2023-03-10,8016,8916.0,5925.0,7821.0,6015.142857142857,2497.4766217505357,6624.714285714285,1902.4730233029845,4,10
2023-03-11,6535,8016.0,5194.0,7372.0,6206.714285714285,2475.3254139126634,6564.928571428572,1890.2954374010785,5,10
2023-03-12,6792,6535.0,4464.0,6787.0,6539.285714285715,2355.6561516405363,6565.285714285715,1890.3410937049018,6,10
2023-03-13,8134,6792.0,3733.0,8399.0,7168.0,2049.2111490359734,6546.357142857143,1871.8029813788883,0,11
2023-03-14,8565,8134.0,3003.0,8116.0,7962.571428571428,946.975511324145,6578.428571428572,1904.329953403182,1,11
2023-03-15,8670,8565.0,8780.0,7386.0,7946.857142857143,931.9435656324991,6670.142857142857,1975.7935448492908,2,11
2023-03-16,8488,8670.0,8916.0,6655.0,7885.714285714285,869.7261473754701,6801.071428571428,2034.5716791458622,3,11
2023-03-17,8488,8488.0,8016.0,5925.0,7953.142857142857,899.3042548866039,6984.142857142857,2064.7644625269686,4,11
2023-03-18,7098,8488.0,6535.0,5194.0,8033.571428571428,766.7406900082276,7120.142857142857,1999.4554588357623,5,11
2023-03-19,7150,7098.0,6792.0,4464.0,8084.714285714285,676.7862080661655,7312.0,1848.120791923098,6,11
2023-03-20,8995,7150.0,8134.0,3733.0,8207.714285714286,760.3207030119457,7687.857142857143,1579.8647389591913,0,12
2023-03-21,8808,8995.0,8565.0,3003.0,8242.42857142857,784.5146816435583,8102.5,847.9602448954072,1,12
2023-03-22,10070,8808.0,8670.0,8780.0,8442.42857142857,1046.4208613400383,8194.642857142857,986.0824280682915,2,12
2023-03-23,7993,10070.0,8488.0,8916.0,8371.714285714286,1059.4719933825118,8128.714285714285,964.7683204209777,3,12
2023-03-24,8607,7993.0,8488.0,8016.0,8388.714285714286,1062.5989701804629,8170.928571428572,972.3570461896842,4,12
2023-03-25,6762,8607.0,7098.0,6535.0,8340.714285714286,1135.6956332700147,8187.142857142857,944.4719205943665,5,12
2023-03-26,7259,6762.0,7150.0,6792.0,8356.285714285714,1117.2462745944808,8220.5,898.5373370950417,6,12
2023-03-27,8411,7259.0,8995.0,8134.0,8272.857142857143,1082.8781754459505,8240.285714285714,899.5353012760316,0,13
2023-03-28,8719,8411.0,8808.0,8565.0,8260.142857142857,1076.0487022081377,8251.285714285714,904.7380775732787,1,13
2023-03-29,8896,8719.0,10070.0,8670.0,8092.428571428572,804.0646444042659,8267.42857142857,914.7445809359307,2,13
2023-03-30,8658,8896.0,7993.0,8488.0,8187.428571428572,829.2496321259114,8279.57142857143,919.0161724772468,3,13
2023-03-31,8187,8658.0,8607.0,8488.0,8127.428571428572,808.7737337358075,8258.07142857143,917.2842411820243,4,13
2023-04-01,7875,8187.0,6762.0,7098.0,8286.42857142857,569.6559947731263,8313.57142857143,863.6322859149772,5,13
2023-04-02,7563,7875.0,7259.0,7150.0,8329.857142857143,483.31922803720965,8343.07142857143,827.1110486586373,6,13
2023-04-03,7251,7563.0,8411.0,8995.0,8164.142857142857,628.0531900435003,8218.5,852.3190762222271,0,14
2023-04-04,6939,7251.0,8719.0,8808.0,7909.857142857143,719.62778077083,8085.0,898.0286101318746,1,14
2023-04-05,6627,6939.0,8896.0,10070.0,7585.714285714285,712.3844267167673,7839.071428571428,775.7243229876999,2,14
2023-04-06,6315,6627.0,8658.0,7993.0,7251.0,673.9970326344207,7719.214285714285,873.5738424665414,3,14
2023-04-07,6003,6315.0,8187.0,8607.0,6939.0,673.9970326344198,7533.214285714285,944.3593822571686,4,14
2023-04-08,6950,6003.0,7875.0,6762.0,6806.857142857143,536.5669975475063,7546.642857142857,933.8272453595591,5,14
2023-04-09,6301,6950.0,7563.0,7259.0,6626.571428571428,444.23036709304444,7478.214285714285,989.9404161223671,6,14
2023-04-10,8208,6301.0,7251.0,8411.0,6763.285714285715,726.2016970249431,7463.714285714285,976.623731069397,0,15
2023-04-11,8212,8208.0,6939.0,8719.0,6945.142857142857,912.9263257188277,7427.5,935.0092348371575,1,15
2023-04-12,9007,8212.0,6627.0,8896.0,7285.142857142857,1179.0848751710569,7435.428571428572,948.7885972110961,2,15
2023-04-13,9109,9007.0,6315.0,8658.0,7684.285714285715,1265.6697455347148,7467.642857142857,999.7780220661939,3,15
2023-04-14,9520,9109.0,6003.0,8187.0,8186.714285714285,1182.3425496707423,7562.857142857143,1128.7162113278448,4,15
2023-04-15,8223,9520.0,6950.0,7875.0,8368.57142857143,1051.0275697530296,7587.714285714285,1139.8957056591705,5,15
2023-04-16,7995,8223.0,6301.0,7563.0,8610.57142857143,589.1674513364545,7618.571428571428,1145.010897783927,6,15
2023-04-17,8759,7995.0,8208.0,7251.0,8689.285714285714,562.6285673176511,7726.285714285715,1178.2217649799748,0,16
2023-04-18,9101,8759.0,8212.0,6939.0,8816.285714285714,536.6733066729203,7880.714285714285,1208.3947030013655,1,16
2023-04-19,9224,9101.0,9007.0,6627.0,8847.285714285714,555.4639845167699,8066.214285714285,1200.4391618564778,2,16
2023-04-20,9035,9224.0,9109.0,6315.0,8836.714285714286,550.3334487035229,8260.5,1112.068118417214,3,16
2023-04-21,8426,9035.0,9520.0,6003.0,8680.42857142857,473.9957303404327,8433.57142857143,902.5081899722775,4,16
2023-04-22,7388,8426.0,8223.0,6950.0,8561.142857142857,672.0068026866622,8464.857142857143,853.3781610249289,5,16
2023-04-23,7705,7388.0,7995.0,6301.0,8519.714285714286,719.9545620583144,8565.142857142857,633.7683217977135,6,16
2023-04-24,9034,7705.0,8759.0,8208.0,8559.0,742.3426881613872,8624.142857142857,636.4052720787872,0,17
2023-04-25,9567,9034.0,9101.0,8212.0,8625.57142857143,816.26320451655,8720.92857142857,670.9995373477428,1,17
2023-04-26,9003,9567.0,9224.0,9007.0,8594.0,793.2078332106124,8720.642857142857,670.8691959107855,2,17
2023-04-27,8375,9003.0,9035.0,9109.0,8499.714285714286,770.9651341631771,8668.214285714286,666.8534816090198,3,17
2023-04-28,8477,8375.0,8426.0,9520.0,8507.0,770.3931896549154,8593.714285714286,621.0621706240244,4,17
2023-04-29,7727,8477.0,7388.0,8223.0,8555.42857142857,695.3243504875696,8558.285714285714,656.9468341176079,5,17
2023-04-30,8651,7727.0,7705.0,7995.0,8690.57142857143,585.7923002631798,8605.142857142857,636.7643999933618,6,17
2023-05-01,8153,8651.0,9034.0,8759.0,8564.714285714286,594.2888507243309,8561.857142857143,646.0308229301672,0,18
2023-05-02,7655,8153.0,9567.0,9101.0,8291.57142857143,486.4548136407866,8458.57142857143,668.4073739737034,1,18
2023-05-03,7157,7655.0,9003.0,9224.0,8027.857142857143,534.4989643181244,8310.92857142857,713.1198479795819,2,18
2023-05-04,6659,7157.0,8375.0,9035.0,7782.714285714285,712.5928510928063,8141.214285714285,804.4284333584984,3,18
2023-05-05,6160,6659.0,8477.0,8426.0,7451.714285714285,859.3576504742201,7979.357142857143,956.3434052636176,4,18
2023-05-06,5662,6160.0,7727.0,7388.0,7156.714285714285,1076.1887557929772,7856.071428571428,1133.3189831562959,5,18
2023-05-07,5164,5662.0,8651.0,7705.0,6658.571428571428,1076.2658991691044,7674.571428571428,1343.3766133421884,6,18
2023-05-08,4666,5164.0,8153.0,9034.0,6160.428571428572,1076.2658991691026,7362.571428571428,1501.3130004348618,0,19
2023-05-09,4168,4666.0,7655.0,9567.0,5662.285714285715,1076.1887557929722,6976.928571428572,1582.7173548283113,1,19
2023-05-10,9106,4168.0,7157.0,9003.0,5940.714285714285,1634.5964552232952,6984.285714285715,1593.0654256964626,2,19
2023-05-11,9154,9106.0,6659.0,8375.0,6297.142857142857,2039.2570075537649,7039.928571428572,1657.6715580914984,3,19
2023-05-12,9687,9154.0,6160.0,8477.0,6801.0,2403.0062421891453,7126.357142857143,1766.343664058736,4,19
2023-05-13,9538,9687.0,5662.0,7727.0,7354.714285714285,2539.497503725604,7255.714285714285,1876.5884114355147,5,19
2023-05-14,8672,9538.0,5164.0,8651.0,7855.857142857143,2376.0011523967078,7257.214285714285,1877.7974896372384,6,19
2023-05-15,9362,8672.0,4666.0,8153.0,8526.714285714286,1950.0094627365058,7343.571428571428,1948.6265267257713,0,20
2023-05-16,9200,9362.0,4168.0,7655.0,9245.57142857143,329.862525477361,7453.928571428572,2010.3908331958255,1,20
2023-05-17,8882,9200.0,9106.0,7157.0,9213.57142857143,355.52583457132306,7577.142857142857,2043.38338799396,2,20
2023-05-18,8788,8882.0,9154.0,6659.0,9161.285714285714,390.90012120990855,7729.214285714285,2049.0116258472394,3,20
2023-05-19,8863,8788.0,9687.0,6160.0,9043.57142857143,324.658721913183,7922.285714285715,2016.871088843061,4,20
2023-05-20,7005,8863.0,9538.0,5662.0,8681.714285714286,777.5119965389081,8018.214285714285,1931.2149694536247,5,20
2023-05-21,8943,7005.0,8672.0,5164.0,8720.42857142857,783.6701808675425,8288.142857142857,1757.9121294720796,6,20
2023-05-22,9504,8943.0,9362.0,4666.0,8740.714285714286,804.6037770823924,8633.714285714286,1437.4076788318769,0,21
2023-05-23,9214,9504.0,9200.0,4168.0,8742.714285714286,805.9519659561515,8994.142857142857,646.602702550078,1,21
2023-05-24,8581,9214.0,8882.0,9106.0,8699.714285714286,805.3114747900873,8956.642857142857,654.7884693245974,2,21
2023-05-25,8452,8581.0,8788.0,9154.0,8651.714285714286,809.1764773080008,8906.5,665.3071875804162,3,21
2023-05-26,8710,8452.0,8863.0,9687.0,8629.857142857143,804.5714032061773,8836.714285714286,627.2951002974212,4,21
2023-05-27,8033,8710.0,7005.0,9538.0,8776.714285714286,491.44674661851076,8729.214285714286,626.8269517757956,5,21
2023-05-28,9013,8033.0,8943.0,8672.0,8786.714285714286,496.08457420274493,8753.57142857143,631.043789079864,6,21
2023-05-29,8240,9013.0,9504.0,9362.0,8606.142857142857,414.88047619022024,8673.42857142857,618.9607560923594,0,22
2023-05-30,9820,8240.0,9214.0,9200.0,8692.714285714286,589.3854749612107,8717.714285714286,678.8198388573963,1,22
2023-05-31,9065,9820.0,8581.0,8882.0,8761.857142857143,602.3430441676539,8730.785714285714,683.9690927083093,2,22
2023-06-01,8062,9065.0,8452.0,8788.0,8706.142857142857,651.7876516605362,8678.92857142857,706.4500052304604,3,22
2023-06-02,7059,8062.0,8710.0,8863.0,8470.285714285714,901.1684478656506,8550.07142857143,824.8896862644737,4,22
2023-06-03,6056,7059.0,8033.0,7005.0,8187.857142857143,1287.8808729293087,8482.285714285714,985.0644983624541,5,22
2023-06-04,5052,6056.0,9013.0,8943.0,7622.0,1676.4646332883624,8204.357142857143,1332.6595506812625,6,22
2023-06-05,4049,5052.0,8240.0,9504.0,7023.285714285715,2111.0185309691756,7814.714285714285,1676.5389911991294,0,23
2023-06-06,3046,4049.0,9820.0,9214.0,6055.571428571428,2167.190566697117,7374.142857142857,2049.490925802078,1,23
2023-06-07,2043,3046.0,9065.0,8581.0,5052.428571428572,2167.190566697117,6907.142857142857,2457.5895588076623,2,23
2023-06-08,1040,2043.0,8062.0,8452.0,4049.285714285714,2167.1134191427523,6377.714285714285,2863.9585415072834,3,23
2023-06-09,8012,1040.0,7059.0,8710.0,4185.428571428572,2404.6227602365484,6327.857142857143,2826.0585996739715,4,23
2023-06-10,8595,8012.0,6056.0,8033.0,4548.142857142857,2878.588046743952,6368.0,2855.9756247613122,5,23
2023-06-11,9502,8595.0,5052.0,9013.0,5183.857142857143,3444.2104769487923,6402.928571428572,2893.555291553062,6,23
2023-06-12,9294,9502.0,4049.0,8240.0,5933.142857142857,3715.976427471496,6478.214285714285,2958.023253109087,0,24
2023-06-13,9335,9294.0,3046.0,9820.0,6831.571428571428,3661.4593109461557,6443.571428571428,2918.4507405941813,1,24
2023-06-14,8337,9335.0,2043.0,9065.0,7730.714285714285,3003.1760806567063,6391.571428571428,2874.3017804807355,2,24
2023-06-15,8992,8337.0,1040.0,8062.0,8866.714285714286,563.6357317410236,6458.0,2926.156024022485,3,24
2023-06-16,8622,8992.0,8012.0,7059.0,8953.857142857143,443.90367895578055,6569.642857142857,2980.1684930977895,4,24
2023-06-17,8469,8622.0,8595.0,6056.0,8935.857142857143,463.0231918494761,6742.0,3017.7180120084117,5,24
2023-06-18,9358,8469.0,9502.0,5052.0,8915.285714285714,436.0939173640301,7049.571428571428,3051.469247989987,6,24
2023-06-19,8533,9358.0,9294.0,4049.0,8806.57142857143,420.5262009842986,7369.857142857143,2945.792432427149,0,25
2023-06-20,9824,8533.0,9335.0,3046.0,8876.42857142857,545.1020874242613,7854.0,2729.547243380513,1,25
2023-06-21,9689,9824.0,8337.0,2043.0,9069.57142857143,561.393758765587,8400.142857142857,2188.769617744281,2,25
2023-06-22,8871,9689.0,8992.0,1040.0,9052.285714285714,566.0240614101486,8959.5,551.1484164207365,3,25
2023-06-23,8880,8871.0,8622.0,8012.0,9089.142857142857,541.1911025911377,9021.5,480.6796070309136,4,25
2023-06-24,8837,8880.0,8469.0,8595.0,9141.714285714286,485.9662931677878,9038.785714285714,468.3557455563168,5,25
2023-06-25,9572,8837.0,9358.0,9502.0,9172.285714285714,508.06879924072024,9043.785714285714,474.02063872164354,6,25
2023-06-26,9623,9572.0,8533.0,9294.0,9328.0,442.25407478809126,9067.285714285714,495.0674279749854,0,26
2023-06-27,9265,9623.0,9824.0,9335.0,9248.142857142857,384.45737889976755,9062.285714285714,492.50246833766266,1,26
2023-06-28,9321,9265.0,9689.0,8337.0,9195.57142857143,336.2666883803516,9132.57142857143,449.35812585813414,2,26
2023-06-29,9357,9321.0,8871.0,8992.0,9265.0,306.9804554039282,9158.642857142857,451.1598057558763,3,26
2023-06-30,8672,9357.0,8880.0,8622.0,9235.285714285714,356.5261628014243,9162.214285714286,446.7613678242888,4,26
2023-07-01,8182,8672.0,8837.0,8469.0,9141.714285714286,524.7468323822839,9141.714285714286,485.8881524623813,5,26
2023-07-02,7693,8182.0,9572.0,9358.0,8873.285714285714,714.3068234976057,9022.785714285714,615.3868300097586,6,26
2023-07-03,7203,7693.0,9623.0,8533.0,8527.57142857143,861.4483650888689,8927.785714285714,777.9901303083165,0,27
2023-07-04,6714,7203.0,9265.0,9824.0,8163.142857142857,1022.1010107569964,8705.642857142857,931.3049246285395,1,27
2023-07-05,6224,6714.0,9321.0,9689.0,7720.714285714285,1104.353764921021,8458.142857142857,1095.7697580410625,2,27
2023-07-06,5734,6224.0,9357.0,8871.0,7203.142857142857,1057.6723545237448,8234.07142857143,1305.5160762222465,3,27
2023-07-07,5245,5734.0,8672.0,8880.0,6713.571428571428,1057.595205665953,7974.428571428572,1512.2668015667355,4,27
2023-07-08,4755,5245.0,8182.0,8837.0,6224.0,1057.749497754543,7682.857142857143,1713.3156724335995,5,27
2023-07-09,4266,4755.0,7693.0,9572.0,5734.428571428572,1057.595205665951,7303.857142857143,1845.0752687228646,6,27
2023-07-10,3776,4266.0,7203.0,9623.0,5244.857142857143,1057.6723545237405,6886.214285714285,1939.0983304528006,0,28
2023-07-11,9611,3776.0,6714.0,9265.0,5658.714285714285,1932.9555706469882,6910.928571428572,1973.64588298625,1,28
2023-07-12,9762,9611.0,6224.0,9321.0,6164.142857142857,2488.208956161801,6942.428571428572,2018.089108129681,2,28
2023-07-13,9683,9762.0,5734.0,9357.0,6728.285714285715,2802.279888131905,6965.714285714285,2049.7255511811427,3,28
2023-07-14,9092,9683.0,5245.0,8672.0,7277.857142857143,2839.878015488893,6995.714285714285,2079.477612973303,4,28
2023-07-15,7855,9092.0,4755.0,8182.0,7720.714285714285,2613.582197820053,6972.357142857143,2066.926615017605,5,28
2023-07-16,7665,7855.0,4266.0,7693.0,8206.285714285714,2137.072274108178,6970.357142857143,2066.189082387144,6,28
2023-07-17,10000,7665.0,3776.0,7203.0,9095.42857142857,953.8013170367045,7170.142857142857,2219.9202638883185,0,29
2023-07-18,9726,10000.0,9611.0,6714.0,9111.857142857143,965.0853897577197,7385.285714285715,2316.17932840242,1,29
2023-07-19,9637,9726.0,9762.0,6224.0,9094.0,952.1200904647831,7629.071428571428,2363.6757380202343,2,29
2023-07-20,9770,9637.0,9683.0,5734.0,9106.42857142857,961.6106033010205,7917.357142857143,2360.887662500074,3,29
2023-07-21,9275,9770.0,9092.0,5245.0,9132.57142857143,963.6383929571056,8205.214285714286,2253.21845636146,4,29
2023-07-22,8757,9275.0,7855.0,4755.0,9261.42857142857,812.8375928689288,8491.07142857143,2024.0363885557526,5,29
2023-07-23,9441,8757.0,7665.0,4266.0,9515.142857142857,407.69573154966236,8860.714285714286,1626.5971289106083,6,29
2023-07-24,9992,9441.0,10000.0,3776.0,9514.0,406.118209392296,9304.714285714286,737.0012450225928,0,30
2023-07-25,9738,9992.0,9726.0,9611.0,9515.714285714286,407.18616311040853,9313.785714285714,741.8269732503496,1,30
2023-07-26,9373,9738.0,9637.0,9762.0,9478.0,406.30530392797544,9286.0,730.9528028539302,2,30
2023-07-27,9521,9373.0,9770.0,9683.0,9442.42857142857,386.9176730446542,9274.42857142857,725.4461454099308,3,30
2023-07-28,9570,9521.0,9275.0,9092.0,9484.57142857143,381.672135539947,9308.57142857143,727.4454475222838,4,30
2023-07-29,8516,9570.0,8757.0,7855.0,9450.142857142857,460.8895126352381,9355.785714285714,642.3149453430192,5,30
2023-07-30,9313,8516.0,9441.0,7665.0,9431.857142857143,463.8424404081776,9473.5,421.76109715921046,6,30
2023-07-31,9927,9313.0,9992.0,10000.0,9422.57142857143,451.2393515430104,9468.285714285714,415.1506545027765,0,31
2023-08-01,9764,9927.0,9738.0,9726.0,9426.285714285714,454.36465321946235,9471.0,417.08493877610107,1,31
2023-08-02,9601,9764.0,9373.0,9637.0,9458.857142857143,458.065289586336,9468.42857142857,416.0925773996104,2,31
2023-08-03,9438,9601.0,9521.0,9770.0,9447.0,457.2621421752198,9444.714285714286,406.94328249137226,3,31
2023-08-04,9275,9438.0,9570.0,9275.0,9404.857142857143,457.6306474918541,9444.714285714286,406.94328249137226,4,31
2023-08-05,9112,9275.0,8516.0,8757.0,9490.0,289.110128958968,9470.07142857143,370.1956788772101,5,31
2023-08-06,8948,9112.0,9313.0,9441.0,9437.857142857143,352.35182633812724,9434.857142857143,395.74036887896244,6,31
2023-08-07,8785,8948.0,9927.0,9992.0,9274.714285714286,352.5061296326281,9348.642857142857,396.50213058753786,0,32
2023-08-08,8622,8785.0,9764.0,9738.0,9111.57142857143,352.5832559565972,9268.92857142857,423.4683648679946,1,32
2023-08-09,8459,8622.0,9601.0,9373.0,8948.42857142857,352.5832559565957,9203.642857142857,473.6692463577001,2,32
2023-08-10,8296,8459.0,9438.0,9521.0,8785.285714285714,352.50612963262404,9116.142857142857,521.2872908104089,3,32
2023-08-11,9340,8296.0,9275.0,9570.0,8794.57142857143,368.0687694543237,9099.714285714286,509.3716232275476,4,32
2023-08-12,8733,9340.0,9112.0,8516.0,8740.42857142857,340.43053973013804,9115.214285714286,493.2908610813603,5,32
2023-08-13,8926,8733.0,8948.0,9313.0,8737.285714285714,338.2896758133559,9087.57142857143,492.19691404743526,6,32
2023-08-14,9703,8926.0,8785.0,9927.0,8868.42857142857,499.4292933415305,9071.57142857143,465.7400586140496,0,33
2023-08-15,9301,9703.0,8622.0,9764.0,8965.42857142857,509.4287183184917,9038.5,427.6723674101121,1,33
2023-08-16,9373,9301.0,8459.0,9601.0,9096.0,473.8860622554781,9022.214285714286,408.5168631434246,2,33
2023-08-17,9327,9373.0,8296.0,9438.0,9243.285714285714,318.5690476101554,9014.285714285714,400.83133390713647,3,33
2023-08-18,9991,9327.0,9340.0,9275.0,9336.285714285714,427.80397157488096,9065.42857142857,475.39743928079923,4,33
2023-08-19,8996,9991.0,8733.0,9112.0,9373.857142857143,374.1784015553004,9057.142857142857,475.5341704365347,5,33
2023-08-20,9339,8996.0,8926.0,8948.0,9432.857142857143,320.5019129279572,9085.07142857143,480.09109140242543,6,33
2023-08-21,9502,9339.0,9703.0,8785.0,9404.142857142857,300.6550784378667,9136.285714285714,483.84699243451763,0,34
2023-08-22,9128,9502.0,9301.0,8622.0,9379.42857142857,317.20175343297814,9172.42857142857,460.8264673030935,1,34
2023-08-23,9039,9128.0,9373.0,8459.0,9331.714285714286,342.4459637596005,9213.857142857143,415.607776847162,2,34
2023-08-24,8061,9039.0,9327.0,8296.0,9150.857142857143,590.1049139973443,9197.07142857143,458.103190304378,3,34
2023-08-25,8469,8061.0,9991.0,9340.0,8933.42857142857,502.9091558598062,9134.857142857143,494.86841407869554,4,34
2023-08-26,8934,8469.0,8996.0,8733.0,8924.57142857143,502.16891485597046,9149.214285714286,485.13284121608353,5,34
2023-08-27,8783,8934.0,9339.0,8926.0,8845.142857142857,468.5386602944095,9139.0,491.65560178772176,6,34
2023-08-28,9473,8783.0,9502.0,9703.0,8841.0,461.8430469326174,9122.57142857143,474.9177603763572,0,35
2023-08-29,9177,9473.0,9128.0,9301.0,8848.0,467.2576020426747,9113.714285714286,472.48417614065403,1,35
2023-08-30,9141,9177.0,9039.0,9373.0,8862.57142857143,475.72045613044264,9097.142857142857,466.72407548505413,2,35
2023-08-31,8968,9141.0,8061.0,9327.0,8992.142857142857,318.5741298198591,9071.5,462.9707998767063,3,35
2023-09-01,8702,8968.0,8469.0,9991.0,9025.42857142857,261.9432872098271,8979.42857142857,388.17278355150665,4,35
2023-09-02,8437,8702.0,8934.0,8996.0,8954.42857142857,345.0332627167365,8939.5,414.2137593822218,5,35
2023-09-03,8171,8437.0,8783.0,9339.0,8867.0,455.5498509127962,8856.07142857143,444.10644328476815,6,35
2023-09-04,7906,8171.0,9473.0,9502.0,8643.142857142857,491.70703627649425,8742.07142857143,469.65330327246556,0,36
2023-09-05,7640,7906.0,9177.0,9128.0,8423.57142857143,552.9414848917465,8635.785714285714,538.868640846658,1,36
2023-09-06,7374,7640.0,9141.0,9039.0,8171.142857142857,573.7770846392751,8516.857142857143,620.572794607212,2,36
2023-09-07,7109,7374.0,8968.0,8061.0,7905.571428571428,573.6999381624696,8448.857142857143,718.7573525663182,3,36
2023-09-08,6843,7109.0,8702.0,8469.0,7640.0,573.8542207448407,8332.714285714286,836.9119454253322,4,36
2023-09-09,6578,6843.0,8437.0,8934.0,7374.428571428572,573.6999381624687,8164.428571428572,937.5285607371171,5,36
2023-09-10,6312,6578.0,8171.0,8783.0,7108.857142857143,573.7770846392733,7987.928571428572,1039.2011328446004,6,36
2023-09-11,10284,6312.0,7906.0,9473.0,7448.571428571428,1330.0110096214569,8045.857142857143,1145.5174750802767,0,37
2023-09-12,10468,10284.0,7640.0,9177.0,7852.571428571428,1758.378406102515,8138.071428571428,1286.82605747545,1,37
2023-09-13,9607,10468.0,7374.0,9141.0,8171.571428571428,1856.8804356718706,8171.357142857143,1320.3540088897437,2,37
2023-09-14,9836,9607.0,7109.0,8968.0,8561.142857142857,1882.681281981582,8233.357142857143,1379.6858955319067,3,37
2023-09-15,9529,9836.0,6843.0,8702.0,8944.857142857143,1742.6516604083024,8292.42857142857,1418.4537472075156,4,37
2023-09-16,9307,9529.0,6578.0,8437.0,9334.714285714286,1395.6016282456496,8354.57142857143,1444.1002902678397,5,37
2023-09-17,8952,9307.0,6312.0,8171.0,9711.857142857143,532.3274144645186,8410.357142857143,1451.529358305229,6,37
2023-09-18,8808,8952.0,10284.0,7906.0,9501.0,559.5563718995045,8474.785714285714,1447.4331752116602,0,38
2023-09-19,10025,8808.0,10468.0,7640.0,9437.714285714286,445.35967273119974,8645.142857142857,1481.574311184037,1,38
2023-09-20,9687,10025.0,9607.0,7374.0,9449.142857142857,451.413125112477,8810.357142857143,1457.693995910768,2,38
2023-09-21,9684,9687.0,9836.0,7109.0,9427.42857142857,432.9822387207382,8994.285714285714,1387.2594138511733,3,38
2023-09-22,9656,9684.0,9529.0,6843.0,9445.57142857143,440.54241458413776,9195.214285714286,1248.4752656785038,4,38
2023-09-23,7007,9656.0,9307.0,6578.0,9117.0,1027.633203044746,9225.857142857143,1182.8356318052622,5,38
2023-09-24,6687,7007.0,8952.0,6312.0,8793.42857142857,1383.2911066417983,9252.642857142857,1114.0186856009886,6,38
2023-09-25,8116,6687.0,8808.0,10284.0,8694.57142857143,1406.6066563593006,9097.785714285714,1110.3020502805366,0,39
2023-09-26,9199,8116.0,10025.0,10468.0,8576.57142857143,1307.554569561423,9007.142857142857,1039.3692508249699,1,39
2023-09-27,9234,9199.0,9687.0,9607.0,8511.857142857143,1253.5309368036417,8980.5,1027.5230673061178,2,39
2023-09-28,9191,9234.0,9684.0,9836.0,8441.42857142857,1188.8813870108988,8934.42857142857,1000.3138518474193,3,39
2023-09-29,17962,9191.0,9656.0,9529.0,9628.0,3825.159430228585,9536.785714285714,2617.573955419013,4,39
2023-09-30,10449,17962.0,7007.0,9307.0,10119.714285714286,3649.2690461828893,9618.357142857143,2627.6370375489323,5,39
2023-10-01,9520,10449.0,6687.0,8952.0,10524.42857142857,3349.9393455774125,9658.92857142857,2620.9333470903334,6,39
2023-10-02,8591,9520.0,8116.0,8808.0,10592.285714285714,3297.4219078084684,9643.42857142857,2626.9874443870226,0,40
2023-10-03,7661,8591.0,9199.0,10025.0,10372.57142857143,3453.2887154683367,9474.57142857143,2676.0916885029837,1,40
2023-10-04,6732,7661.0,9234.0,9687.0,10015.142857142857,3710.668108241939,9263.5,2772.8341998756473,2,40
2023-10-05,5803,6732.0,9191.0,9684.0,9531.142857142857,4042.224858852339,8986.285714285714,2917.7743738512945,3,40
2023-10-06,4874,5803.0,17962.0,9656.0,7661.428571428572,2007.332297448769,8644.714285714286,3107.1044751955524,4,40
2023-10-07,3945,4874.0,10449.0,7007.0,6732.285714285715,2007.2551502226218,8426.0,3330.95943674353,5,40
2023-10-08,3015,3945.0,9520.0,6687.0,5803.0,2007.332309310046,8163.714285714285,3611.205497179182,6,40
2023-10-09,2086,3015.0,8591.0,8116.0,4873.714285714285,2007.2551502226218,7733.0,3960.085410889323,0,41
2023-10-10,1157,2086.0,7661.0,9199.0,3944.5714285714284,2007.332297448769,7158.571428571428,4299.773334174107,1,41
2023-10-11,9617,1157.0,6732.0,9234.0,4356.714285714285,2810.514585995817,7185.928571428572,4315.184717755619,2,41
2023-10-12,9418,9617.0,5803.0,9191.0,4873.142857142857,3392.4409809934514,7202.142857142857,4323.716347651063,3,41
2023-10-13,9760,9418.0,4874.0,17962.0,5571.142857142857,3862.703691654825,6616.285714285715,3149.990315701141,4,41
2023-10-14,7390,9760.0,3945.0,10449.0,6063.285714285715,3840.3851245365886,6397.785714285715,2964.3036587567512,5,41
2023-10-15,8322,7390.0,3015.0,9520.0,6821.428571428572,3657.814185965113,6312.214285714285,2883.428973090394,6,41
2023-10-16,10863,8322.0,2086.0,8591.0,8075.285714285715,3245.0613612218863,6474.5,3078.8632705044765,0,42
2023-10-17,10623,10863.0,1157.0,7661.0,9427.57142857143,1225.4233087852901,6686.071428571428,3262.9361827910484,1,42
2023-10-18,10049,10623.0,9617.0,6732.0,9489.285714285714,1247.2371752912813,6923.0,3384.6834870770845,2,42
2023-10-19,9865,10049.0,9418.0,5803.0,9553.142857142857,1254.4015078343718,7213.142857142857,3454.667675370923,3,42
2023-10-20,8418,9865.0,9760.0,4874.0,9361.42857142857,1318.4345334705176,7466.285714285715,3399.484427619336,4,42
2023-10-21,7765,8418.0,7390.0,3945.0,9415.0,1229.605763378383,7739.142857142857,3244.90001877841,5,42
2023-10-22,8427,7765.0,8322.0,3015.0,9430.0,1214.5988363790475,8125.714285714285,2947.559444916875,6,42
2023-10-23,10893,8427.0,10863.0,2086.0,9434.285714285714,1220.5363184935989,8754.785714285714,2458.656236445223,0,43
2023-10-24,10108,10893.0,10623.0,1157.0,9360.714285714286,1150.4501603409747,9394.142857142857,1142.4276349506358,1,43
2023-10-25,9504,10108.0,10049.0,9617.0,9282.857142857143,1113.9699919015527,9386.07142857143,1141.1304425056712,2,43
2023-10-26,9724,9504.0,9865.0,9418.0,9262.714285714286,1102.90914015098,9407.92857142857,1144.7139692641886,3,43
2023-10-27,10092,9724.0,8418.0,9760.0,9501.857142857143,1070.2257438770318,9431.642857142857,1155.9523950234463,4,43
2023-10-28,9059,10092.0,7765.0,7390.0,9686.714285714286,797.1348096538683,9550.857142857143,1005.4668152075031,5,43
2023-10-29,7833,9059.0,8427.0,8322.0,9601.857142857143,967.0845238087929,9515.92857142857,1058.5326901158785,6,43
2023-10-30,9790,7833.0,10893.0,10863.0,9444.285714285714,796.4568861078259,9439.285714285714,990.1307162010667,0,44
2023-10-31,11323,9790.0,10108.0,10623.0,9617.857142857143,1055.4795795547855,9489.285714285714,1069.0349658648965,1,44
2023-11-01,10930,11323.0,9504.0,10049.0,9821.57142857143,1162.0729835288414,9552.214285714286,1128.7774992695176,2,44
2023-11-02,10538,10930.0,9724.0,9865.0,9937.857142857143,1191.04819781729,9600.285714285714,1157.0981228634282,3,44
2023-11-03,10145,10538.0,10092.0,8418.0,9945.42857142857,1192.3591261504607,9723.642857142857,1112.5599452919994,4,44
2023-11-04,9753,10145.0,9059.0,7765.0,10044.57142857143,1133.7834680312453,9865.642857142857,959.7094598120588,5,44
2023-11-05,9360,9753.0,7833.0,8427.0,10262.714285714286,702.0535863417015,9932.285714285714,881.3168842984104,6,44
2023-11-06,8968,9360.0,9790.0,10893.0,10145.285714285714,847.8969501627214,9794.785714285714,869.9929423738018,0,45
2023-11-07,8575,8968.0,11323.0,10108.0,9752.714285714286,847.8969501627198,9685.285714285714,922.4320219749742,1,45
2023-11-08,8183,8575.0,10930.0,9504.0,9360.285714285714,847.8969501627183,9590.92857142857,1006.1657199706015,2,45
2023-11-09,7790,8183.0,10538.0,9724.0,8967.714285714286,847.8969501627167,9452.785714285714,1113.5276707951064,3,45
2023-11-10,9289,7790.0,10145.0,10092.0,8845.42857142857,698.3458687362229,9395.42857142857,1098.6510409998755,4,45
2023-11-11,7908,9289.0,9753.0,9059.0,8581.857142857143,644.8409179974591,9313.214285714286,1166.7203988149809,5,45
2023-11-12,8799,7908.0,9360.0,7833.0,8501.714285714286,561.4866321607611,9382.214285714286,1099.0486220483485,6,45
2023-11-13,10683,8799.0,8968.0,9790.0,8746.714285714286,1001.0006184289971,9446.0,1149.3006569214172,0,46
2023-11-14,9759,10683.0,8575.0,11323.0,8915.857142857143,1065.127915412263,9334.285714285714,1021.7524484600294,1,46
2023-11-15,9596,9759.0,8183.0,10930.0,9117.714285714286,1036.6030603668419,9239.0,918.4767490043155,2,46
2023-11-16,9251,9596.0,7790.0,10538.0,9326.42857142857,856.0844695750633,9147.07142857143,839.4698385827252,3,46
2023-11-17,9194,9251.0,9289.0,10145.0,9312.857142857143,857.5285084807042,9079.142857142857,789.4967099013464,4,46
2023-11-18,7917,9194.0,7908.0,9753.0,9314.142857142857,855.0743493153919,8948.0,820.8194779515223,5,46
2023-11-19,7795,7917.0,8799.0,9360.0,9170.714285714286,1023.5016225822849,8836.214285714286,865.7322537394734,6,46
2023-11-20,10252,7795.0,10683.0,8968.0,9109.142857142857,925.6499389746687,8927.92857142857,945.1382043250179,0,47
2023-11-21,9463,10252.0,9759.0,8575.0,9066.857142857143,897.3433806838613,8991.357142857143,949.4184136490186,1,47
2023-11-22,9158,9463.0,9596.0,8183.0,9004.285714285714,869.1240253430865,9061.0,920.8927942282609,2,47
2023-11-23,6243,9158.0,9251.0,7790.0,8574.57142857143,1341.8587676730192,8950.5,1149.558627674784,3,47
2023-11-24,7465,6243.0,9194.0,9289.0,8327.57142857143,1367.7173023134649,8820.214285714286,1210.0156501576193,4,47
2023-11-25,8057,7465.0,7917.0,7908.0,8347.57142857143,1361.7234003451736,8830.857142857143,1202.0037026144694,5,47
2023-11-26,7813,8057.0,7795.0,8799.0,8350.142857142857,1360.522501170223,8760.42857142857,1232.5128624253573,6,47
2023-11-27,10347,7813.0,10252.0,10683.0,8363.714285714286,1382.9447704428549,8736.42857142857,1194.8932179060157,0,48
2023-11-28,11382,10347.0,9463.0,9759.0,8637.857142857143,1772.510312952737,8852.357142857143,1367.9364361718665,1,48
2023-11-29,11502,11382.0,9158.0,9596.0,8972.714285714286,2081.6106515777396,8988.5,1532.5786590429354,2,48
2023-11-30,10337,11502.0,6243.0,9251.0,9557.57142857143,1732.7313560909965,9066.07142857143,1573.8162567117254,3,48
2023-12-01,9587,10337.0,7465.0,9194.0,9860.714285714286,1471.5575324901706,9094.142857142857,1579.767210559973,4,48
2023-12-02,8838,9587.0,8057.0,7917.0,9972.285714285714,1335.309666242962,9159.92857142857,1545.7881467088216,5,48
2023-12-03,8088,8838.0,7813.0,7795.0,10011.57142857143,1263.2976499546485,9180.857142857143,1527.7651277975567,6,48
2023-12-04,7338,8088.0,10347.0,10252.0,9581.714285714286,1597.7879202495017,8972.714285714286,1568.563989453725,0,49
2023-12-05,6588,7338.0,11382.0,9463.0,8896.857142857143,1720.2542862971757,8767.357142857143,1683.430316902997,1,49
2023-12-06,5838,6588.0,11502.0,9158.0,8087.714285714285,1619.7994437877924,8530.214285714286,1849.7901410522372,2,49
2023-12-07,5089,5838.0,10337.0,6243.0,7338.0,1619.7223013014745,8447.785714285714,1980.6349090271865,3,49
2023-12-08,4339,5089.0,9587.0,7465.0,6588.285714285715,1619.7994437877971,8224.5,2256.8894778842405,4,49
2023-12-09,8110,4339.0,8838.0,8057.0,6484.285714285715,1467.491591604051,8228.285714285714,2256.6313365303986,5,49
2023-12-10,7342,8110.0,8088.0,7813.0,6377.714285714285,1354.3424867545846,8194.642857142857,2266.7869367197923,6,49
2023-12-11,10193,7342.0,7338.0,10347.0,6785.571428571428,1978.0160815947972,8183.642857142857,2255.886235782113,0,50
2023-12-12,10938,10193.0,6588.0,11382.0,7407.0,2515.8066963368515,8151.928571428572,2210.1202356532413,1,50
2023-12-13,10308,10938.0,5838.0,11502.0,8045.571428571428,2616.464717715036,8066.642857142857,2090.7128562413177,2,50
2023-12-14,9719,10308.0,5089.0,10337.0,8707.0,2311.996251438713,8022.5,2045.1166131882167,3,50
2023-12-15,10242,9719.0,4339.0,9587.0,9550.285714285714,1314.7145082089958,8069.285714285715,2090.645848998354,4,50
2023-12-16,7803,10242.0,8110.0,8838.0,9506.42857142857,1374.5281441453292,7995.357142857143,2079.6425583089153,5,50
2023-12-17,7163,7803.0,7342.0,8088.0,9480.857142857143,1422.3393205761863,7929.285714285715,2091.1349670811373,6,50
2023-12-18,11259,7163.0,10193.0,7338.0,9633.142857142857,1561.5485293527677,8209.357142857143,2261.487073965772,0,51
2023-12-19,9986,11259.0,10938.0,6588.0,9497.142857142857,1467.5936572693163,8452.07142857143,2256.4288825925337,1,51
2023-12-20,9703,9986.0,10308.0,5838.0,9410.714285714286,1429.1947283098118,8728.142857142857,2145.7213905151525,2,51
2023-12-21,9056,9703.0,9719.0,5089.0,9316.0,1427.3268721634813,9011.5,1872.7523040454903,3,51
2023-12-22,9172,9056.0,10242.0,4339.0,9163.142857142857,1367.678986284354,9356.714285714286,1304.3919555204182,4,51
2023-12-23,7153,9172.0,7803.0,8110.0,9070.285714285714,1491.844687435177,9288.357142857143,1396.5711090515113,5,51
2023-12-24,6421,7153.0,7163.0,7342.0,8964.285714285714,1666.1296182355968,9222.57142857143,1512.2114073962491,6,51
2023-12-25,5596,6421.0,11259.0,10193.0,8155.285714285715,1739.4537182964193,8894.214285714286,1763.497712308887,0,52
2023-12-26,7867,5596.0,9986.0,10938.0,7852.571428571428,1540.7972889755126,8674.857142857143,1678.6779989550753,1,52
2023-12-27,7629,7867.0,9703.0,10308.0,7556.285714285715,1307.3981431690627,8483.5,1630.1838853331815,2,52
2023-12-28,8166,7629.0,9056.0,9719.0,7429.142857142857,1173.6830106650684,8372.57142857143,1592.0370943825696,3,52
2023-12-29,8146,8166.0,9172.0,10242.0,7282.571428571428,965.3273809340353,8222.857142857143,1498.520750460407,4,52
2023-12-30,7000,8146.0,7153.0,7803.0,7260.714285714285,970.468566258202,8165.5,1530.846409921391,5,52
2023-12-31,6689,7000.0,6421.0,7163.0,7299.0,936.5123241758995,8131.642857142857,1559.6936882281984,6,52
2024-01-01,6398,6689.0,5596.0,11259.0,7413.571428571428,716.7098104400153,7784.428571428572,1334.79250558542,0,1
2024-01-02,6107,6398.0,7867.0,9986.0,7162.142857142857,830.7682044492452,7507.357142857143,1242.0149018765758,1,1
2024-01-03,5816,6107.0,7629.0,9703.0,6903.142857142857,936.8059970935778,7229.714285714285,1144.029883187642,2,1
2024-01-04,5525,5816.0,8166.0,9056.0,6525.857142857143,873.0875153865335,6977.5,1098.7622231751839,3,1
2024-01-05,5234,5525.0,8146.0,9172.0,6109.857142857143,633.2891463282539,6696.214285714285,992.6994415827095,4,1
2024-01-06,4944,5234.0,7000.0,7153.0,5816.142857142857,628.4004637626963,6538.428571428572,1085.7089647064233,5,1
2024-01-07,4653,4944.0,6689.0,6421.0,5525.285714285715,628.2461604301851,6412.142857142857,1197.4880668840105,6,1
2024-01-08,4362,4653.0,6398.0,5596.0,5234.428571428572,628.1689945502882,6324.0,1302.9533907479079,0,2
2024-01-09,4071,4362.0,6107.0,7867.0,4943.571428571428,628.1689945502902,6052.857142857143,1351.2341855414063,1,2
2024-01-10,3780,4071.0,5816.0,7629.0,4652.714285714285,628.2461604301909,5777.928571428572,1396.679934938301,2,2
2024-01-11,9664,3780.0,5525.0,8166.0,5244.0,2011.3399348030077,5884.928571428572,1631.3673577842223,3,2
2024-01-12,8900,9664.0,5234.0,8146.0,5767.714285714285,2439.919036517797,5938.785714285715,1721.7003303340707,4,2
2024-01-13,7487,8900.0,4944.0,7000.0,6131.0,2485.720284612362,5973.571428571428,1749.4862416978397,5,2
2024-01-14,8108,7487.0,4653.0,6689.0,6624.571428571428,2486.34898711229,6074.928571428572,1833.2243332565388,6,2
2024-01-15,9178,8108.0,4362.0,6398.0,7312.571428571428,2421.3958685809666,6273.5,2012.6885482626524,0,3
2024-01-16,9652,9178.0,4071.0,6107.0,8109.857142857143,2069.3975313740857,6526.714285714285,2204.031146944896,1,3
2024-01-17,11684,9652.0,3780.0,5816.0,9239.0,1341.4249885849033,6945.857142857143,2583.732299098833,2,3
2024-01-18,12554,11684.0,9664.0,5525.0,9651.857142857143,1844.4497308204998,7447.928571428572,2944.1874277786856,3,3
2024-01-19,9362,12554.0,8900.0,5234.0,9717.857142857143,1821.1811577994688,7742.785714285715,2911.9400664418595,4,3
2024-01-20,8186,9362.0,7487.0,4944.0,9817.714285714286,1693.1365089960234,7974.357142857143,2798.964330636566,5,3
2024-01-21,8748,8186.0,8108.0,4653.0,9909.142857142857,1600.1520165879485,8266.857142857143,2634.299494016542,6,3
2024-01-22,10429,8748.0,9178.0,4362.0,10087.857142857143,1574.5384962554829,8700.214285714286,2433.922354446116,0,4
2024-01-23,9706,10429.0,9652.0,4071.0,10095.57142857143,1572.1776677741036,9102.714285714286,2044.2340460829932,1,4
2024-01-24,9092,9706.0,11684.0,3780.0,9725.285714285714,1434.9637294238162,9482.142857142857,1358.1353086064503,2,4
2024-01-25,9605,9092.0,12554.0,9664.0,9304.0,721.7106991955552,9477.92857142857,1357.619039364128,3,4
2024-01-26,9281,9605.0,9362.0,8900.0,9292.42857142857,721.2749954404512,9505.142857142857,1348.9338728813268,4,4
2024-01-27,8047,9281.0,8186.0,7487.0,9272.57142857143,757.8009538884797,9545.142857142857,1291.5695196836473,5,4
2024-01-28,7330,8047.0,8748.0,8108.0,9070.0,1053.3071726709193,9489.57142857143,1372.3707008892904,6,4
2024-01-29,9833,7330.0,10429.0,9178.0,8984.857142857143,943.5110719314051,9536.357142857143,1372.0966330144875,0,5
2024-01-30,9934,9833.0,9706.0,9652.0,9017.42857142857,975.9335457469897,9556.5,1375.9893084334267,1,5
2024-01-31,9440,9934.0,9092.0,11684.0,9067.142857142857,989.1395972546788,9396.214285714286,1232.2943066661376,2,5
2024-02-01,7930,9440.0,9605.0,12554.0,8827.857142857143,1038.6997366212966,9065.92857142857,894.086251585793,3,5
2024-02-02,6421,7930.0,9281.0,9362.0,8419.285714285714,1347.3734590288059,8855.857142857143,1132.8059686624913,4,5
2024-02-03,4911,6421.0,8047.0,8186.0,7971.285714285715,1899.8699704879593,8621.92857142857,1544.9499600701877,5,5
2024-02-04,3402,4911.0,7330.0,8748.0,7410.142857142857,2579.405320907094,8240.07142857143,2079.564801523686,6,5
2024-02-05,1892,3402.0,9833.0,10429.0,6275.714285714285,3041.1389705331244,7630.285714285715,2579.811097096697,0,6
2024-02-06,9472,1892.0,9934.0,9706.0,6209.714285714285,2952.2266576425445,7613.571428571428,2566.0496342188494,1,6
2024-02-07,9073,9472.0,9440.0,9092.0,6157.285714285715,2887.8559355968464,7612.214285714285,2565.2124571951963,2,6
2024-02-08,8848,9073.0,7930.0,9605.0,6288.428571428572,3000.425239703141,7558.142857142857,2527.6795943845605,3,6
2024-02-09,8478,8848.0,6421.0,9281.0,6582.285714285715,3114.147647660367,7500.785714285715,2494.4704441430567,4,6
2024-02-10,8108,8478.0,4911.0,8047.0,7039.0,3062.188378703487,7505.142857142857,2495.550959889731,5,6
2024-02-11,7345,8108.0,3402.0,7330.0,7602.285714285715,2611.0922819314383,7506.214285714285,2495.473199417488,6,6
2024-02-12,8852,7345.0,1892.0,9833.0,8596.57142857143,700.1204318170062,7436.142857142857,2438.2290501712228,0,7
2024-02-13,7373,8852.0,9472.0,9934.0,8296.714285714286,712.0818572527918,7253.214285714285,2330.082671975764,1,7
2024-02-14,8273,7373.0,9073.0,9440.0,8182.428571428572,625.6833216952755,7169.857142857143,2265.8223454408017,2,7
2024-02-15,8485,8273.0,8848.0,7930.0,8130.571428571428,574.2557087636428,7209.5,2284.9195154988824,3,7
2024-02-16,8424,8485.0,8478.0,6421.0,8122.857142857143,569.1506621189955,7352.571428571428,2294.4389196585544,4,7
2024-02-17,6423,8424.0,8108.0,4911.0,7882.142857142857,858.9998891291114,7460.571428571428,2204.4951528912106,5,7
2024-02-18,7110,6423.0,7345.0,3402.0,7848.571428571428,887.6070559173704,7725.428571428572,1877.932443869117,6,7
2024-02-19,7582,7110.0,8852.0,1892.0,7667.142857142857,770.373811551137,8131.857142857143,855.9878555161815,0,8
2024-02-20,8593,7582.0,7373.0,9472.0,7841.428571428572,828.5446793711862,8069.071428571428,778.8936398493589,1,8
2024-02-21,8892,8593.0,8273.0,9073.0,7929.857142857143,911.1921547385922,8056.142857142857,762.2728016765418,2,8
2024-02-22,8517,8892.0,8485.0,8848.0,7934.428571428572,914.5156928019157,8032.5,740.6495849538344,3,8
2024-02-23,8614,8517.0,8424.0,8478.0,7961.571428571428,934.0783081274831,8042.214285714285,747.7995595871002,4,8
2024-02-24,7092,8614.0,6423.0,8108.0,8057.142857142857,770.2844558065271,7969.642857142857,789.0842411051034,5,8
2024-02-25,7214,7092.0,7110.0,7345.0,8072.0,749.6992730422078,7960.285714285715,797.7898729105669,6,8
2024-02-26,8989,7214.0,7582.0,8852.0,8273.0,784.2486850483166,7970.071428571428,810.3110005315214,0,9
2024-02-27,8856,8989.0,8593.0,7373.0,8310.57142857143,808.0721620298725,8076.0,823.0867792364467,1,9
2024-02-28,8469,8856.0,8892.0,8273.0,8250.142857142857,772.373275165894,8090.0,828.3454314753811,2,9
2024-02-29,9026,8469.0,8517.0,8485.0,8322.857142857143,823.9228176982497,8128.642857142857,860.1965434751386,3,9
2024-03-01,8095,9026.0,8614.0,8424.0,8248.714285714286,816.6769484289684,8105.142857142857,855.9906413168078,4,9
2024-03-02,7164,8095.0,7092.0,6423.0,8259.0,799.9629158071518,8158.071428571428,761.6926963915613,5,9
2024-03-03,6232,7164.0,7214.0,7110.0,8118.714285714285,1058.189289035088,8095.357142857143,881.3677838051784,6,9
2024-03-04,5301,6232.0,8989.0,7582.0,7591.857142857143,1411.7161457568193,7932.428571428572,1152.6483027749991,0,10
2024-03-05,4370,5301.0,8856.0,8593.0,6951.0,1725.547063011229,7630.785714285715,1474.2007053926502,1,10
2024-03-06,3438,4370.0,8469.0,8892.0,6232.285714285715,2011.8842506703133,7241.214285714285,1799.9262454364473,2,10
2024-03-07,2507,3438.0,9026.0,8517.0,5301.0,2011.9613979066983,6811.928571428572,2154.096221845017,3,10
2024-03-08,1576,2507.0,8095.0,8614.0,4369.714285714285,2011.8842506703124,6309.214285714285,2495.3969987396017,4,10
2024-03-09,7488,1576.0,7164.0,7092.0,4416.0,2089.1284466654206,6337.5,2507.169128411857,5,10
2024-03-10,7773,7488.0,6232.0,7214.0,4636.142857142857,2374.134890057952,6377.428571428572,2526.5779445507005,6,10
2024-03-11,9607,7773.0,5301.0,8989.0,5251.285714285715,3039.6732123857078,6421.571428571428,2580.5380391361227,0,11
2024-03-12,9903,9607.0,4370.0,8856.0,6041.714285714285,3462.3214617885956,6496.357142857143,2670.1324832341024,1,11
2024-03-13,9460,9903.0,3438.0,8469.0,6902.0,3455.6892221378957,6567.142857142857,2738.7055858040353,2,11
2024-03-14,9532,9460.0,2507.0,9026.0,7905.571428571428,2949.619006874329,6603.285714285715,2776.7263356076487,3,11
2024-03-15,8884,9532.0,1576.0,8095.0,8949.57142857143,954.4465860980936,6659.642857142857,2817.0456321129295,4,11
2024-03-16,7492,8884.0,7488.0,7164.0,8950.142857142857,953.4263524383148,6683.071428571428,2822.920704199419,5,11
2024-03-17,7606,7492.0,7773.0,6232.0,8926.285714285714,989.2085581052114,6781.214285714285,2829.9081305711093,6,11
2024-03-18,8192,7606.0,9607.0,5301.0,8724.142857142857,971.3369529625113,6987.714285714285,2819.045540292265,0,12
2024-03-19,11450,8192.0,9903.0,4370.0,8945.142857142857,1375.9650466213993,7493.428571428572,2945.5355974837444,1,12
2024-03-20,9241,11450.0,9460.0,3438.0,8913.857142857143,1364.7515559704739,7907.928571428572,2731.476086274614,2,12
2024-03-21,9304,9241.0,9532.0,2507.0,8881.285714285714,1350.1830387378068,8393.42857142857,2261.2376364176394,3,12
2024-03-22,8991,9304.0,8884.0,1576.0,8896.57142857143,1350.8244219911182,8923.07142857143,1124.0038642340962,4,12
2024-03-23,7673,8991.0,7492.0,7488.0,8922.42857142857,1320.8574055189702,8936.285714285714,1106.7903997645549,5,12
2024-03-24,8043,7673.0,7606.0,7773.0,8984.857142857143,1257.054417884854,8955.57142857143,1087.1389207304776,6,12
2024-03-25,9391,8043.0,8192.0,9607.0,9156.142857142857,1211.890593050309,8940.142857142857,1078.6825908802487,0,13
2024-03-26,9488,9391.0,11450.0,9903.0,8875.857142857143,720.011673185809,8910.5,1055.6434967865268,1,13
2024-03-27,8882,9488.0,9241.0,9460.0,8824.57142857143,702.2342574817684,8869.214285714286,1043.735169664986,2,13
2024-03-28,7443,8882.0,9304.0,9532.0,8558.714285714286,830.9558179762558,8720.0,1089.9920253766102,3,13
2024-03-29,7867,7443.0,8991.0,8884.0,8398.142857142857,842.0254209486943,8647.357142857143,1111.8906010895123,4,13
2024-03-30,7341,7867.0,7673.0,7492.0,8350.714285714286,897.219169487174,8636.57142857143,1124.6195742619702,5,13
2024-03-31,7373,7341.0,8043.0,7606.0,8255.0,968.4284520121672,8619.92857142857,1142.623732689586,6,13
2024-04-01,6863,7373.0,9391.0,8192.0,7893.857142857143,945.2795756761543,8525.0,1232.5761639752677,0,14
2024-04-02,6354,6863.0,9488.0,11450.0,7446.142857142857,794.570414033366,8161.0,1039.7057275979491,1,14
2024-04-03,5844,6354.0,8882.0,9241.0,7012.142857142857,704.1231967422223,7918.357142857143,1157.93832751561,2,14
2024-04-04,5334,5844.0,7443.0,9304.0,6710.857142857143,910.1145401489226,7634.785714285715,1272.9067993298618,3,14
2024-04-05,4824,5334.0,7867.0,8991.0,6276.142857142857,989.1561097844045,7337.142857142857,1411.074705384443,4,14
2024-04-06,4314,4824.0,7341.0,7673.0,5843.714285714285,1101.3402008894636,7097.214285714285,1619.7194998646287,5,14
2024-04-07,3805,4314.0,7373.0,8043.0,5334.0,1101.2630627299447,6794.5,1813.7646251331992,6,14
2024-04-08,3295,3805.0,6863.0,9391.0,4824.285714285715,1101.3402008894627,6359.071428571428,1873.231739094659,0,15
2024-04-09,9765,3295.0,6354.0,9488.0,5311.571428571428,2148.1077608865335,6378.857142857143,1909.9262513809895,1,15
2024-04-10,9491,9765.0,5844.0,8882.0,5832.571428571428,2676.13707030257,6422.357142857143,1977.0773926388088,2,15
2024-04-11,6588,9491.0,5334.0,7443.0,6011.714285714285,2679.1700029602284,6361.285714285715,1956.220155479247,3,15
2024-04-12,7340,6588.0,4824.0,7867.0,6371.142857142857,2661.9875674998584,6323.642857142857,1929.9109826877643,4,15
2024-04-13,6700,7340.0,4314.0,7341.0,6712.0,2502.668309358368,6277.857142857143,1911.4334877316364,5,15
2024-04-14,7805,6700.0,3805.0,7373.0,7283.428571428572,2161.726844997063,6308.714285714285,1933.828622928385,6,15
2024-04-15,15899,7805.0,3295.0,6863.0,9084.0,3257.4142096659025,6954.142857142857,3215.949025073018,0,16
2024-04-16,10454,15899.0,9765.0,6354.0,9182.42857142857,3291.6511994814427,7247.0,3341.330688398073,1,16
2024-04-17,9307,10454.0,9491.0,5844.0,9156.142857142857,3289.510370281644,7494.357142857143,3357.620187599515,2,16
2024-04-18,8936,9307.0,6588.0,5334.0,9491.57142857143,3098.1389498182543,7751.642857142857,3317.1051004230676,3,16
2024-04-19,9397,8936.0,7340.0,4824.0,9785.42857142857,2954.262731328121,8078.285714285715,3230.6678382833893,4,16
2024-04-20,8022,9397.0,6700.0,4314.0,9974.285714285714,2760.0166493631714,8343.142857142857,3044.9835380922405,5,16
2024-04-21,8050,8022.0,7805.0,3805.0,10009.285714285714,2729.305510826623,8646.357142857143,2755.9595455092435,6,16
2024-04-22,9435,8050.0,15899.0,3295.0,9085.857142857143,853.1001169404512,9084.92857142857,2287.6117026711095,0,17
2024-04-23,8609,9435.0,10454.0,9765.0,8822.285714285714,610.4598578901322,9002.357142857143,2282.0323805139783,1,17
2024-04-24,8743,8609.0,9307.0,9491.0,8741.714285714286,571.8192355065023,8948.92857142857,2278.465457420706,2,17
2024-04-25,8630,8743.0,8936.0,6588.0,8698.0,566.1595770334275,9094.785714285714,2178.8874076383217,3,17
2024-04-26,8787,8630.0,9397.0,7340.0,8610.857142857143,481.21077453005216,9198.142857142857,2122.8438058830043,4,17
2024-04-27,7312,8787.0,8022.0,6700.0,8509.42857142857,665.5380923590743,9241.857142857143,2073.164057374916,5,17
2024-04-28,8879,7312.0,8050.0,7805.0,8627.857142857143,643.5548224695489,9318.57142857143,2035.4329614751152,6,17
2024-04-29,9918,8879.0,9435.0,15899.0,8696.857142857143,759.8946042207513,8891.357142857143,801.965912103395,0,18
2024-04-30,8638,9918.0,8609.0,10454.0,8701.0,759.4146868916016,8761.642857142857,664.9301417491886,1,18
2024-05-01,8413,8638.0,8743.0,9307.0,8653.857142857143,766.5819000757925,8697.785714285714,651.3162033170198,2,18
2024-05-02,8189,8413.0,8630.0,8936.0,8590.857142857143,786.726006640058,8644.42857142857,660.8284677102395,3,18
2024-05-03,7964,8189.0,8787.0,9397.0,8473.285714285714,813.5665746751001,8542.07142857143,646.1106673825242,4,18
2024-05-04,7740,7964.0,7312.0,8022.0,8534.42857142857,722.7606466742332,8521.92857142857,667.6094510422053,5,18
2024-05-05,7515,7740.0,8879.0,8050.0,8339.57142857143,794.6716003362376,8483.714285714286,710.626747052465,6,18
2024-05-06,7290,7515.0,9918.0,9435.0,7964.142857142857,485.20697596367705,8330.5,720.9096550672772,0,19
2024-05-07,7066,7290.0,8638.0,8609.0,7739.571428571428,485.12983043816246,8220.285714285714,789.7213168211584,1,19
2024-05-08,6841,7066.0,8413.0,8743.0,7515.0,485.2841092253852,8084.428571428572,853.8769245024625,2,19
2024-05-09,6617,6841.0,8189.0,8630.0,7290.428571428572,485.1298304381645,7940.642857142857,921.7305302145782,3,19
2024-05-10,6392,6617.0,7964.0,8787.0,7065.857142857143,485.20697596368126,7769.571428571428,973.372070080685,4,19
2024-05-11,8083,6392.0,7740.0,7312.0,7114.857142857143,573.8552165170411,7824.642857142857,967.2839537864361,5,19
2024-05-12,7372,8083.0,7515.0,8879.0,7094.428571428572,559.6048776124362,7717.0,923.8005112660168,6,19
2024-05-13,9703,7372.0,7290.0,9918.0,7439.142857142857,1141.1651105444025,7701.642857142857,885.3851493205268,0,20
2024-05-14,9801,9703.0,7066.0,8638.0,7829.857142857143,1425.0191143246057,7784.714285714285,1023.7454933550656,1,20
2024-05-15,8087,9801.0,6841.0,8413.0,8007.857142857143,1357.1153756616086,7761.428571428572,1011.9955696380314,2,20
2024-05-16,9126,8087.0,6617.0,8189.0,8366.285714285714,1256.1207100017268,7828.357142857143,1071.6730706375163,3,20
2024-05-17,10060,9126.0,6392.0,7964.0,8890.285714285714,1042.1026363856415,7978.071428571428,1227.2016613345972,4,20
2024-05-18,8128,10060.0,8083.0,7740.0,8896.714285714286,1036.4158937231255,8005.785714285715,1225.7920000850497,5,20
2024-05-19,9379,8128.0,7372.0,7515.0,9183.42857142857,793.4479308988188,8138.928571428572,1268.8585703018894,6,20
2024-05-20,10059,9379.0,9703.0,7290.0,9234.285714285714,842.2117141363975,8336.714285714286,1340.1593721856862,0,21
2024-05-21,9915,10059.0,9801.0,7066.0,9250.57142857143,855.9861480855185,8540.214285714286,1348.6418341069257,1,21
2024-05-22,10073,9915.0,8087.0,6841.0,9534.285714285714,725.1789926828872,8771.07142857143,1311.5118970272283,2,21
2024-05-23,9332,10073.0,9126.0,6617.0,9563.714285714286,709.8670566347148,8965.0,1160.5345585282973,3,21
2024-05-24,9803,9332.0,10060.0,6392.0,9527.0,686.1717472081332,9208.642857142857,909.7664626064936,4,21
2024-05-25,8425,9803.0,8128.0,8083.0,9569.42857142857,587.3090773868114,9233.07142857143,881.3645420845866,5,21
2024-05-26,8883,8425.0,9379.0,7372.0,9498.57142857143,641.5304246209078,9341.0,712.219067422391,6,21
2024-05-27,7055,8883.0,10059.0,9703.0,9069.42857142857,1067.487994802575,9151.857142857143,927.7031071118979,0,22
2024-05-28,10447,7055.0,9915.0,9801.0,9145.42857142857,1153.217507258549,9198.0,977.2185803832068,1,22
2024-05-29,9856,10447.0,10073.0,8087.0,9114.42857142857,1126.7401145403,9324.357142857143,936.012295049342,2,22
2024-05-30,9950,9856.0,9332.0,9126.0,9202.714285714286,1170.0100732167107,9383.214285714286,948.4048290578457,3,22
2024-05-31,10071,9950.0,9803.0,10060.0,9241.0,1197.0002784739306,9384.0,949.0130095566205,4,22
2024-06-01,9834,10071.0,8425.0,8128.0,9442.285714285714,1154.6312130265815,9505.857142857143,882.5317477090057,5,22
2024-06-02,9597,9834.0,8883.0,9379.0,9544.285714285714,1128.2248171775132,9521.42857142857,882.0443660815995,6,22
2024-06-03,9360,9597.0,7055.0,10059.0,9873.57142857143,345.3890835675139,9471.5,868.9607187722906,0,23
2024-06-04,9123,9360.0,10447.0,9915.0,9684.42857142857,341.53421358278393,9414.92857142857,863.6310166772936,1,23
2024-06-05,8886,9123.0,9856.0,10073.0,9545.857142857143,442.25009085034344,9330.142857142857,852.2471524101609,2,23
2024-06-06,8650,8886.0,9950.0,9332.0,9360.142857142857,511.7471473854449,9281.42857142857,871.4089134875265,3,23
2024-06-07,8413,8650.0,10071.0,9803.0,9123.285714285714,511.5928440617983,9182.142857142857,886.4674801743187,4,23
2024-06-08,8176,8413.0,9834.0,8425.0,8886.42857142857,511.5156749448552,9164.357142857143,905.1285167688309,5,23
2024-06-09,7939,8176.0,9597.0,8883.0,8649.57142857143,511.51567494485863,9096.92857142857,961.1305413846895,6,23
2024-06-10,7702,7939.0,9360.0,7055.0,8412.714285714286,511.5928440618085,9143.142857142857,866.2690874480878,0,24
2024-06-11,7465,7702.0,9123.0,10447.0,8175.857142857143,511.74714738546186,8930.142857142857,887.3660988603267,1,24
2024-06-12,9745,7465.0,8886.0,9856.0,8298.57142857143,755.4033927076971,8922.214285714286,878.9128930823435,2,24
2024-06-13,9839,9745.0,8650.0,9950.0,8468.42857142857,954.9226595459432,8914.285714285714,869.37709164236,3,24
2024-06-14,9729,9839.0,8413.0,10071.0,8656.42857142857,1065.349998379701,8889.857142857143,838.635875614758,4,24
2024-06-15,9712,9729.0,8176.0,9834.0,8875.857142857143,1107.2639595825758,8881.142857142857,828.6449417937935,5,24
2024-06-16,11083,9712.0,7939.0,9597.0,9325.0,1286.9779847896923,8987.285714285714,1004.0102994086692,6,24
2024-06-17,10676,11083.0,7702.0,9360.0,9749.857142857143,1144.946931604464,9081.285714285714,1098.7269856570363,0,25
2024-06-18,9791,10676.0,7465.0,9123.0,10082.142857142857,558.8149450910743,9129.0,1115.0610193720734,1,25
2024-06-19,9186,9791.0,9745.0,8886.0,10002.285714285714,647.8697693944642,9150.42857142857,1112.9125139633732,2,25
2024-06-20,10530,9186.0,9839.0,8650.0,10101.0,671.071282850536,9284.714285714286,1160.298265935998,3,25
2024-06-21,10450,10530.0,9729.0,8413.0,10204.0,659.6936157540584,9430.214285714286,1170.2536988962026,4,25
2024-06-22,9246,10450.0,9712.0,8176.0,10137.42857142857,736.6423503851441,9506.642857142857,1115.7102330694347,5,25
2024-06-23,10017,9246.0,11083.0,7939.0,9985.142857142857,607.4417471580911,9655.07142857143,1025.7097703381144,6,25
2024-06-24,11461,10017.0,10676.0,7702.0,10097.285714285714,798.6187480656226,9923.57142857143,965.3475033364139,0,26
2024-06-25,10756,11461.0,9791.0,7465.0,10235.142857142857,819.9403288393247,10158.642857142857,678.7652372159334,1,26
2024-06-26,10496,10756.0,9186.0,9745.0,10422.285714285714,677.7415225796393,10212.285714285714,673.213468096436,2,26
2024-06-27,10970,10496.0,10530.0,9839.0,10485.142857142857,709.0760252073156,10293.07142857143,692.5556311213297,3,26
2024-06-28,11062,10970.0,10450.0,9729.0,10572.57142857143,741.0303316200683,10388.285714285714,700.6253721411875,4,26
2024-06-29,9348,11062.0,9246.0,9712.0,10587.142857142857,710.9914271802478,10362.285714285714,733.6292742850277,5,26
2024-06-30,8438,9348.0,10017.0,11083.0,10361.57142857143,1077.8549465091683,10173.357142857143,862.9326212348587,6,26
2024-07-01,7688,8438.0,11461.0,10676.0,9822.57142857143,1346.366821875679,9959.92857142857,1072.9940471758316,0,27
2024-07-02,6938,7688.0,10756.0,9791.0,9277.142857142857,1645.3590721147993,9756.142857142857,1344.1962343659327,1,27
2024-07-03,6188,6938.0,10496.0,9186.0,8661.714285714286,1899.5246523174956,9542.0,1646.7638661232697,2,27
2024-07-04,5438,6188.0,10970.0,10530.0,7871.428571428572,1929.656865623424,9178.285714285714,1946.7615091804093,3,27
2024-07-05,4688,5438.0,11062.0,10450.0,6960.857142857143,1657.9074590751866,8766.714285714286,2243.664222395396,4,27
2024-07-06,3937,4688.0,9348.0,9246.0,6187.857142857143,1620.4166571771416,8387.5,2579.886036540847,5,27
2024-07-07,3187,3937.0,8438.0,10017.0,5437.714285714285,1620.5709605244806,7899.642857142857,2876.7425650749915,6,27
2024-07-08,2437,3187.0,7688.0,11461.0,4687.571428571428,1620.6481066888907,7255.071428571428,3024.566223553267,0,28
2024-07-09,1687,2437.0,6938.0,10756.0,3937.4285714285716,1620.6481066888907,6607.285714285715,3184.0487150450635,1,28
2024-07-10,937,1687.0,6188.0,10496.0,3187.285714285714,1620.5709605244808,5924.5,3308.4908655899567,2,28
2024-07-11,8873,937.0,5438.0,10970.0,3678.0,2624.675535502754,5774.714285714285,3103.6199070556936,3,28
2024-07-12,8233,8873.0,4688.0,11062.0,4184.428571428572,3142.8799349822907,5572.642857142857,2811.2145365178953,4,28
2024-07-13,7362,8233.0,3937.0,9348.0,4673.714285714285,3357.2335195458036,5430.785714285715,2651.6294316621606,5,28
2024-07-14,12271,7362.0,3187.0,8438.0,5971.428571428572,4307.862883036973,5704.571428571428,3139.090699164693,6,28
2024-07-15,10126,12271.0,2437.0,7688.0,7069.857142857143,4236.125526491215,5878.714285714285,3319.998341718089,0,29
2024-07-16,10333,10126.0,1687.0,6938.0,8305.0,3620.830061371746,6121.214285714285,3521.2142175581916,1,29
2024-07-17,9329,10333.0,937.0,6188.0,9503.857142857143,1600.146079641,6345.571428571428,3624.35211641145,2,29
2024-07-18,9383,9329.0,8873.0,5438.0,9576.714285714286,1578.093439807,6627.357142857143,3700.9116258885824,3,29
2024-07-19,8387,9383.0,8233.0,4688.0,9598.714285714286,1557.1735842315577,6891.571428571428,3683.8067416586923,4,29
2024-07-20,8933,8387.0,7362.0,3937.0,9823.142857142857,1267.3098053976883,7248.428571428572,3616.9547053646215,5,29
2024-07-21,8644,8933.0,12271.0,3187.0,9305.0,725.202730276154,7638.214285714285,3435.0686294470074,6,29
2024-07-22,9759,8644.0,10126.0,2437.0,9252.57142857143,666.8767645132103,8161.214285714285,3125.721459576512,0,30
2024-07-23,9321,9759.0,10333.0,1687.0,9108.0,475.98984583005915,8706.5,2515.776245095064,1,30
2024-07-24,9287,9321.0,9329.0,937.0,9102.0,472.9950669228207,9302.92857142857,1152.601169548248,2,30
2024-07-25,9846,9287.0,9383.0,8873.0,9168.142857142857,545.6337075888296,9372.42857142857,1154.0173118476137,3,30
2024-07-26,9454,9846.0,8387.0,8233.0,9320.57142857143,427.2364127516988,9459.642857142857,1106.4390286752655,4,30
2024-07-27,9189,9454.0,8933.0,7362.0,9357.142857142857,398.52286783880214,9590.142857142857,934.3617202004112,5,30
2024-07-28,9695,9189.0,8644.0,12271.0,9507.285714285714,258.4238858191921,9406.142857142857,533.4524500680022,6,30
2024-07-29,10350,9695.0,9759.0,10126.0,9591.714285714286,407.7596163941324,9422.142857142857,559.4308724935904,0,31
2024-07-30,9827,10350.0,9321.0,10333.0,9664.0,396.46437418762434,9386.0,510.23961188690396,1,31
2024-07-31,10461,9827.0,9287.0,9329.0,9831.714285714286,454.4754171150381,9466.857142857143,584.7631811443154,2,31
2024-08-01,10106,10461.0,9846.0,9383.0,9868.857142857143,466.30799141460744,9518.5,608.2419495815898,3,31
2024-08-02,9751,10106.0,9454.0,8387.0,9911.285714285714,434.71090557812533,9615.92857142857,515.179500351544,4,31
2024-08-03,9396,9751.0,9189.0,8933.0,9940.857142857143,381.1261508439495,9649.0,481.74314892742603,5,31
2024-08-04,9041,9396.0,9695.0,8644.0,9847.42857142857,509.85908417352766,9677.357142857143,426.5582487310399,6,31
2024-08-05,8686,9041.0,10350.0,9759.0,9609.714285714286,613.8022793173892,9600.714285714286,500.711866871978,0,32
2024-08-06,8331,8686.0,9827.0,9321.0,9396.0,766.8876493115876,9530.0,602.7621038570669,1,32
2024-08-07,7976,8331.0,10461.0,9287.0,9041.0,766.8876493115894,9436.357142857143,731.5047302169061,2,32
2024-08-08,7621,7976.0,10106.0,9846.0,8686.0,766.8876493115912,9277.42857142857,865.1539404402951,3,32
2024-08-09,7266,7621.0,9751.0,9454.0,8331.0,766.887649311593,9121.142857142857,1015.38555444513,4,32
2024-08-10,6911,7266.0,9396.0,9189.0,7976.0,766.8876493115949,8958.42857142857,1173.835443472235,5,32
2024-08-11,9695,6911.0,9041.0,9695.0,8069.428571428572,938.8231741818843,8958.42857142857,1173.835443472235,6,32
2024-08-12,10122,9695.0,8686.0,10350.0,8274.57142857143,1212.891704033909,8942.142857142857,1154.4655678073543,0,33
2024-08-13,9625,10122.0,8331.0,9827.0,8459.42857142857,1317.0614839030654,8927.714285714286,1143.768631025825,1,33
2024-08-14,9624,9625.0,7976.0,10461.0,8694.857142857143,1362.7449539527927,8867.92857142857,1077.4076768790014,2,33
2024-08-15,9165,9624.0,7621.0,10106.0,8915.42857142857,1282.5590119162575,8800.714285714286,1022.1650046363831,3,33
2024-08-16,9542,9165.0,7266.0,9751.0,9240.57142857143,1064.714180291721,8785.785714285714,1008.6555544250607,4,33
2024-08-17,8367,9542.0,6911.0,9396.0,9448.57142857143,553.0331084551843,8712.285714285714,998.2063474492169,5,33
2024-08-18,7679,8367.0,9695.0,9041.0,9160.57142857143,849.0309882728695,8615.0,1029.582813197053,6,33
2024-08-19,9778,7679.0,10122.0,8686.0,9111.42857142857,792.158413690683,8693.0,1075.7066371603191,0,34
2024-08-20,9553,9778.0,9625.0,8331.0,9101.142857142857,784.8119580662596,8780.285714285714,1093.5044179553695,1,34
2024-08-21,9156,9553.0,9624.0,7976.0,9034.285714285714,752.0992209111943,8864.57142857143,1072.0075856710475,2,34
2024-08-22,9336,9156.0,9165.0,7621.0,9058.714285714286,759.7902592789836,8987.07142857143,1015.4684757661057,3,34
2024-08-23,9098,9336.0,9542.0,7266.0,8995.285714285714,730.6964062421723,9117.92857142857,886.4700493257905,4,34
2024-08-24,8747,9098.0,8367.0,6911.0,9049.57142857143,689.175559912668,9249.07142857143,635.0078696406242,5,34
2024-08-25,8800,8747.0,7679.0,9695.0,9209.714285714286,377.288004176152,9185.142857142857,631.7041490034375,6,34
2024-08-26,9353,8800.0,9778.0,10122.0,9149.0,296.04504161808387,9130.214285714286,574.8502384998359,0,35
2024-08-27,9393,9353.0,9553.0,9625.0,9126.142857142857,264.108202934194,9113.642857142857,562.7053617798969,1,35
2024-08-28,9177,9393.0,9156.0,9624.0,9129.142857142857,264.6226423742484,9081.714285714286,543.8865023812832,2,35
2024-08-29,9186,9177.0,9336.0,9165.0,9107.714285714286,250.7918886817477,9083.214285714286,544.1627554285783,3,35
2024-08-30,8820,9186.0,9098.0,9542.0,9068.0,273.5641302022624,9031.642857142857,531.4011388110539,4,35
2024-08-31,8873,8820.0,8747.0,8367.0,9086.0,252.2366613585746,9067.785714285714,498.93443049571465,5,35
2024-09-01,8214,8873.0,8800.0,7679.0,9002.285714285714,410.542614225644,9106.0,393.79240919357693,6,35
2024-09-02,7554,8214.0,9353.0,9778.0,8745.285714285714,648.5187517940883,8947.142857142857,527.6773281441713,0,36
2024-09-03,6895,7554.0,9393.0,9553.0,8388.42857142857,879.0196920704417,8757.285714285714,731.6656895869019,1,36
2024-09-04,6236,6895.0,9177.0,9156.0,7968.285714285715,1111.4193199517024,8548.714285714286,982.4706242287896,2,36
2024-09-05,5577,6236.0,9186.0,9336.0,7452.714285714285,1277.1217266814901,8280.214285714286,1232.5772360615392,3,36
2024-09-06,4917,5577.0,8820.0,9098.0,6895.142857142857,1424.219953585291,7981.571428571428,1497.2800320933397,4,36
2024-09-07,4258,4917.0,8873.0,8747.0,6235.857142857143,1424.219953585294,7660.928571428572,1775.5552745456691,5,36
2024-09-08,3599,4258.0,8214.0,8800.0,5576.571428571428,1424.0656418792576,7289.428571428572,2042.8743594140915,6,36
2024-09-09,2940,3599.0,7554.0,9353.0,4917.428571428572,1424.0656418792605,6831.357142857143,2252.7752664433156,0,37
2024-09-10,2280,2940.0,6895.0,9393.0,4258.142857142857,1424.2199535853028,6323.285714285715,2426.042660179495,1,37
2024-09-11,1621,2280.0,6236.0,9177.0,3598.8571428571427,1424.2199535853058,5783.571428571428,2578.0673057480108,2,37
2024-09-12,11060,1621.0,5577.0,9186.0,4382.142857142857,3152.5456078419948,5917.428571428572,2806.817708429144,3,37
2024-09-13,11081,11060.0,4917.0,8820.0,5262.714285714285,4057.750514520979,6078.928571428572,3041.878606395027,4,37
2024-09-14,10768,11081.0,4258.0,8873.0,6192.714285714285,4509.9234182073715,6214.285714285715,3213.114770354824,5,37
2024-09-15,14585,10768.0,3599.0,8214.0,7762.142857142857,5299.336732981196,6669.357142857143,3896.587513100737,6,37
2024-09-16,12970,14585.0,2940.0,7554.0,9195.0,5131.519852831127,7056.214285714285,4244.493395131927,0,38
2024-09-17,10156,12970.0,2280.0,6895.0,10320.142857142857,4127.946359009176,7289.142857142857,4323.704925837814,1,38
2024-09-18,9846,10156.0,1621.0,6236.0,11495.142857142857,1689.4277560337114,7547.0,4363.52944653398,2,38
2024-09-19,10116,9846.0,11060.0,5577.0,11360.285714285714,1765.8981392184542,7871.214285714285,4374.509311886323,3,38
2024-09-20,9934,10116.0,11081.0,4917.0,11196.42857142857,1847.46329301764,8229.57142857143,4319.028892173394,4,38
2024-09-21,9307,9934.0,10768.0,4258.0,10987.714285714286,1981.5894894659366,8590.214285714286,4170.120127001903,5,38
2024-09-22,11023,9307.0,14585.0,3599.0,10478.857142857143,1211.6388940289853,9120.5,3952.9746297031747,6,38
2024-09-23,13354,11023.0,12970.0,2940.0,10533.714285714286,1344.6189936540425,9864.357142857143,3670.207741073718,0,39
2024-09-24,9817,13354.0,10156.0,2280.0,10485.285714285714,1366.4183978910746,10402.714285714286,2955.278131608759,1,39
2024-09-25,9429,9817.0,9846.0,1621.0,10425.714285714286,1407.409406709793,10960.42857142857,1593.5609719834172,2,39
2024-09-26,9293,9429.0,10116.0,11060.0,10308.142857142857,1470.5534591406226,10834.214285714286,1653.9011773367104,3,39
2024-09-27,10057,9293.0,9934.0,11081.0,10325.714285714286,1466.0657914165652,10761.07142857143,1664.7549814767924,4,39
2024-09-28,7453,10057.0,9307.0,10768.0,10060.857142857143,1808.302927108855,10524.285714285714,1884.8926281834592,5,39
2024-09-29,7703,7453.0,11023.0,14585.0,9586.57142857143,1944.1750484582399,10032.714285714286,1623.716554867118,6,39
2024-09-30,10427,7703.0,13354.0,12970.0,9168.42857142857,1152.3741951789223,9851.07142857143,1396.1435050929633,0,40
2024-10-01,10146,10427.0,9817.0,10156.0,9215.42857142857,1189.3510635556413,9850.357142857143,1395.9780473887429,1,40
2024-10-02,9865,10146.0,9429.0,9846.0,9277.714285714286,1213.5697637254125,9851.714285714286,1395.9827213263914,2,40
2024-10-03,9584,9865.0,9293.0,10116.0,9319.285714285714,1219.1519886497144,9813.714285714286,1395.4759005482915,3,40
2024-10-04,9303,9584.0,10057.0,9934.0,9211.57142857143,1175.6427826431527,9768.642857142857,1401.4692623838264,4,40
2024-10-05,9022,9303.0,7453.0,9307.0,9435.714285714286,902.2656139381675,9748.285714285714,1410.7300035290998,5,40
2024-10-06,8740,9022.0,7703.0,11023.0,9583.857142857143,607.2609072909174,9585.214285714286,1383.7385356941154,6,40
2024-10-07,8459,8740.0,10427.0,13354.0,9302.714285714286,607.4152106222064,9235.57142857143,887.7209986412427,0,41
2024-10-08,8178,8459.0,10146.0,9817.0,9021.57142857143,607.4923475904337,9118.5,912.8631837837025,1,41
2024-10-09,7897,8178.0,9865.0,9429.0,8740.42857142857,607.4923475904362,9009.07142857143,963.2140479653627,2,41
2024-10-10,7616,7897.0,9584.0,9293.0,8459.285714285714,607.4152106222139,8889.285714285714,1027.3307031459653,3,41
2024-10-11,7335,7616.0,9303.0,10057.0,8178.142857142857,607.2609072909294,8694.857142857143,1046.7282989716714,4,41
2024-10-12,7054,7335.0,9022.0,7453.0,7897.0,607.0293787508664,8666.357142857143,1087.7695320908053,5,41
2024-10-13,9175,7054.0,8740.0,7703.0,7959.142857142857,719.5497269291435,8771.5,1058.2294174705225,6,41
2024-10-14,8518,9175.0,8459.0,10427.0,7967.571428571428,726.6908689722299,8635.142857142857,945.4880593268555,0,42
2024-10-15,12042,8518.0,8178.0,10146.0,8519.57142857143,1712.3199523008568,8770.57142857143,1261.5172009733558,1,42
2024-10-16,11159,12042.0,7897.0,9865.0,8985.57142857143,1942.9845476433766,8863.0,1388.849773124401,2,42
2024-10-17,10604,11159.0,7616.0,9584.0,9412.42857142857,1920.037747644804,8935.857142857143,1454.7712935315742,3,42
2024-10-18,9946,10604.0,7335.0,9303.0,9785.42857142857,1688.902785552678,8981.785714285714,1477.2306823956117,4,42
2024-10-19,9060,9946.0,7054.0,9022.0,10072.0,1265.2429279259536,8984.5,1477.345163043913,5,42
2024-10-20,8965,9060.0,9175.0,8740.0,10042.0,1292.2575852617929,9000.57142857143,1475.7036764402794,6,42
2024-10-21,10509,8965.0,8518.0,8459.0,10326.42857142857,1106.7063532757563,9147.0,1518.9063879596536,0,43
2024-10-22,10363,10509.0,12042.0,8178.0,10086.57142857143,816.9277522406281,9303.07142857143,1523.9290042157957,1,43
2024-10-23,9762,10363.0,11159.0,7897.0,9887.0,668.4145420320939,9436.285714285714,1472.1990055994324,2,43
2024-10-24,8783,9762.0,10604.0,7616.0,9626.857142857143,696.6197979221647,9519.642857142857,1392.0619243047172,3,43
2024-10-25,9223,8783.0,9946.0,7335.0,9523.57142857143,695.0117162424394,9654.5,1248.1554236306154,4,43
2024-10-26,9571,9223.0,9060.0,7054.0,9596.57142857143,664.3663289538341,9834.285714285714,1001.7080358123617,5,43
2024-10-27,9776,9571.0,8965.0,9175.0,9712.42857142857,603.8277505886317,9877.214285714286,984.0022809989123,6,43
2024-10-28,12571,9776.0,10509.0,8518.0,10007.0,1232.6898771926808,10166.714285714286,1137.5770762439338,0,44
2024-10-29,11875,12571.0,10363.0,12042.0,10223.0,1423.2147881937235,10154.785714285714,1117.0914278794953,1,44
2024-10-30,10516,11875.0,9762.0,11159.0,10330.714285714286,1410.9898079345612,10108.857142857143,1085.3964080636397,2,44
2024-10-31,10528,10516.0,8783.0,10604.0,10580.0,1235.1688143731487,10103.42857142857,1082.916696440063,3,44
2024-11-01,9559,10528.0,9223.0,9946.0,10628.0,1178.8918525462673,10075.785714285714,1092.144409905576,4,44
2024-11-02,8590,9559.0,9571.0,9060.0,10487.857142857143,1368.5412463119674,10042.214285714286,1132.257525652044,5,44
2024-11-03,7621,8590.0,9776.0,8965.0,10180.0,1745.7628704952942,9946.214285714286,1278.1885125545652,6,44
2024-11-04,6652,7621.0,12571.0,10509.0,9334.42857142857,1826.248144616239,9670.714285714286,1537.0169124024142,0,45
2024-11-05,5682,6652.0,11875.0,10363.0,8449.714285714286,1889.3468637146914,9336.357142857143,1851.7544531997476,1,45
2024-11-06,4713,5682.0,10516.0,9762.0,7620.714285714285,2093.665025283464,8975.714285714286,2217.9391483839418,2,45
2024-11-07,3744,4713.0,10528.0,8783.0,6651.571428571428,2093.742172693251,8615.785714285714,2623.4199399483637,3,45
2024-11-08,2775,3744.0,9559.0,9223.0,5682.428571428572,2093.742172693251,8155.214285714285,3041.3385509210657,4,45
2024-11-09,1806,2775.0,8590.0,9571.0,4713.285714285715,2093.6650252834643,7600.571428571428,3444.5932374416147,5,45
2024-11-10,837,1806.0,7621.0,9776.0,3744.1428571428573,2093.510721935074,6962.071428571428,3818.515125508364,6,45
2024-11-11,7910,837.0,6652.0,12571.0,3923.8571428571427,2414.1725586331054,6629.142857142857,3480.058130751046,0,46
2024-11-12,10555,7910.0,5682.0,11875.0,4620.0,3475.103355777106,6534.857142857143,3342.1473948333087,1,46
2024-11-13,11116,10555.0,4713.0,10516.0,5534.714285714285,4258.139488645466,6577.714285714285,3400.4637337274266,2,46
2024-11-14,11186,11116.0,3744.0,10528.0,6597.857142857143,4647.740936145622,6624.714285714285,3463.2311597601933,3,46
2024-11-15,9881,11186.0,2775.0,9559.0,7613.0,4445.2251536526965,6647.714285714285,3485.2167889435423,4,46
2024-11-16,8441,9881.0,1806.0,8590.0,8560.857142857143,3633.9937363994527,6637.071428571428,3479.0514061756917,5,46
2024-11-17,8334,8441.0,837.0,7621.0,9631.857142857143,1390.4238476775552,6688.0,3499.720010778866,6,46
2024-11-18,12070,8334.0,7910.0,6652.0,10226.142857142857,1420.5158016921619,7075.0,3783.490289300432,0,47
2024-11-19,14547,12070.0,10555.0,5682.0,10796.42857142857,2175.3264013432413,7708.214285714285,4245.987013614167,1,47
2024-11-20,13821,14547.0,11116.0,4713.0,11182.857142857143,2462.8197544394366,8358.785714285714,4444.864888118237,2,47
2024-11-21,10082,13821.0,11186.0,3744.0,11025.142857142857,2497.6871587244723,8811.5,4257.505838109734,3,47
2024-11-22,10726,10082.0,9881.0,2775.0,11145.857142857143,2453.197466475904,9379.42857142857,3906.139205725461,4,47
2024-11-23,8857,10726.0,8441.0,1806.0,11205.285714285714,2380.719759112474,9883.07142857143,3254.794462712748,5,47
2024-11-24,8900,8857.0,8334.0,837.0,11286.142857142857,2274.1758528143323,10459.0,2004.0198064429137,6,47
2024-11-25,10700,8900.0,12070.0,7910.0,11090.42857142857,2254.338695134548,10658.285714285714,1864.937880119179,0,48
2024-11-26,8969,10700.0,14547.0,10555.0,10293.57142857143,1760.679874096254,10545.0,1919.0795069111302,1,48
2024-11-27,8718,8969.0,13821.0,11116.0,9564.57142857143,905.4968906890846,10373.714285714286,1970.5213066039964,2,48
2024-11-28,6512,8718.0,10082.0,11186.0,9054.57142857143,1422.9844057640262,10039.857142857143,2204.3834950857968,3,48
2024-11-29,8973,6512.0,10726.0,9881.0,8804.142857142857,1219.5140327976776,9975.0,2222.69836010199,4,48
2024-11-30,8865,8973.0,8857.0,8441.0,8805.285714285714,1219.575570199957,10005.285714285714,2202.9900460186427,5,48
2024-12-01,8659,8865.0,8900.0,8334.0,8770.857142857143,1219.8578371503465,10028.5,2185.6682044629006,6,48
2024-12-02,8452,8659.0,10700.0,12070.0,8449.714285714286,874.3061466644357,9770.07142857143,2139.1142474716785,0,49
2024-12-03,8246,8452.0,8969.0,14547.0,8346.42857142857,844.949082715004,9320.0,1667.6416789079128,1,49
2024-12-04,8040,8246.0,8718.0,13821.0,8249.57142857143,834.0461332449936,8907.07142857143,1079.374210741202,2,49
2024-12-05,7833,8040.0,6512.0,10082.0,8438.285714285714,424.04469665576534,8746.42857142857,1058.210369828789,3,49
2024-12-06,7627,7833.0,8973.0,10726.0,8246.0,445.78245815641156,8525.07142857143,928.437518239492,4,49
2024-12-07,7421,7627.0,8865.0,8857.0,8039.714285714285,445.70532652774995,8422.5,967.4492831071772,5,49
2024-12-08,7214,7421.0,8659.0,8900.0,7833.285714285715,445.70532652774665,8302.07142857143,1007.5438119342512,6,49
2024-12-09,7008,7214.0,8452.0,10700.0,7627.0,445.78245815640196,8038.357142857143,791.6781209890171,0,50
2024-12-10,6802,7008.0,8246.0,8969.0,7420.714285714285,445.7053265277399,7883.571428571428,807.411220581448,1,50
2024-12-11,6595,6802.0,8040.0,8718.0,7214.285714285715,445.70532652773613,7731.928571428572,837.4445987908045,2,50
2024-12-12,6389,6595.0,7833.0,6512.0,7008.0,445.7824581563911,7723.142857142857,851.7504922797733,3,50
2024-12-13,11005,6389.0,7627.0,8973.0,7490.571428571428,1589.2898683733713,7868.285714285715,1187.9115111159172,4,50
2024-12-14,9488,11005.0,7421.0,8865.0,7785.857142857143,1757.3454819292392,7912.785714285715,1238.7043590021533,5,50
2024-12-15,9906,9488.0,7214.0,8659.0,8170.428571428572,1900.100774269861,8001.857142857143,1337.392575536014,6,50
2024-12-16,14536,9906.0,7008.0,8452.0,9245.857142857143,2964.673418134022,8436.42857142857,2203.153464199252,0,51
2024-12-17,13364,14536.0,6802.0,8246.0,10183.285714285714,3097.606264751635,8802.0,2564.1644313049096,1,51
2024-12-18,9184,13364.0,6595.0,8040.0,10553.142857142857,2730.573958503441,8883.714285714286,2556.229327276091,2,51
2024-12-19,9385,9184.0,6389.0,7833.0,10981.142857142857,2140.0307185156225,8994.57142857143,2540.7637469041524,3,51
2024-12-20,9446,9385.0,11005.0,7627.0,10758.42857142857,2216.8773727282028,9124.5,2511.7943555584725,4,51
2024-12-21,8254,9446.0,9488.0,7421.0,10582.142857142857,2377.9511088730333,9184.0,2477.9758488920606,5,51
2024-12-22,11568,8254.0,9906.0,7214.0,10819.57142857143,2382.1575554626174,9495.0,2484.926836873759,6,51
2024-12-23,12819,11568.0,14536.0,7008.0,10574.285714285714,1992.183284262582,9910.07142857143,2522.5906239507085,0,52
2024-12-24,8603,12819.0,13364.0,6802.0,9894.142857142857,1667.2365787505414,10038.714285714286,2394.57185601653,1,52
2024-12-25,6461,8603.0,9184.0,6595.0,9505.142857142857,2117.4271674661695,10029.142857142857,2409.6162432139513,2,52
2024-12-26,8785,6461.0,9385.0,6389.0,9419.42857142857,2135.1709421919704,10200.285714285714,2207.826095038772,3,52
2024-12-27,8580,8785.0,9446.0,11005.0,9295.714285714286,2158.337609850514,10027.07142857143,2234.7976148011603,4,52
2024-12-28,7561,8580.0,8254.0,9488.0,9196.714285714286,2228.82575319275,9889.42857142857,2327.9544905109665,5,52
2024-12-29,11235,7561.0,11568.0,9906.0,9149.142857142857,2172.623485448825,9984.357142857143,2355.6146546281657,6,52
2024-12-30,11680,11235.0,12819.0,14536.0,8986.42857142857,1874.1136444679496,9780.357142857143,2032.639307635546,0,1
2024-12-31,11751,11680.0,8603.0,13364.0,9436.142857142857,2127.3594296350425,9665.142857142857,1851.5313768771211,1,1
