date,daily_request_count,requests,y_true_7day,y_pred,abs_error,rolling_mae,status
2023-01-06,3812,3812,,,,,NA
2023-01-07,7075,7075,,,,,NA
2023-01-08,6759,6759,,,,,NA
2023-01-09,8589,8589,,,,,NA
2023-01-10,8550,8550,,,,,NA
2023-01-11,8612,8612,,,,,NA
2023-01-12,8092,8092,7355.571428571428,,,,NA
2023-01-13,7790,7790,7923.857142857143,7355.571428571428,568.2857142857147,,NA
2023-01-14,7166,7166,7936.857142857143,7923.857142857143,13.0,,NA
2023-01-15,6835,6835,7947.714285714285,7936.857142857143,10.857142857142208,,NA
2023-01-16,7053,7053,7728.285714285715,7947.714285714285,219.42857142857065,,NA
2023-01-17,9287,9287,7833.571428571428,7728.285714285715,105.28571428571377,,NA
2023-01-18,8530,8530,7821.857142857143,7833.571428571428,11.714285714285325,,NA
2023-01-19,7986,7986,7806.714285714285,7821.857142857143,15.142857142857792,,NA
2023-01-20,8127,8127,7854.857142857143,7806.714285714285,48.14285714285779,,NA
2023-01-21,6699,6699,7788.142857142857,7854.857142857143,66.71428571428623,,NA
2023-01-22,6449,6449,7733.0,7788.142857142857,55.14285714285688,,NA
2023-01-23,7987,7987,7866.428571428572,7733.0,133.42857142857156,,NA
2023-01-24,8851,8851,7804.142857142857,7866.428571428572,62.285714285714675,,NA
2023-01-25,7863,7863,7708.857142857143,7804.142857142857,95.28571428571377,,NA
2023-01-26,8940,8940,7845.142857142857,7708.857142857143,136.28571428571377,,NA
2023-01-27,8178,8178,7852.428571428572,7845.142857142857,7.2857142857146755,,NA
2023-01-28,6936,6936,7886.285714285715,7852.428571428572,33.85714285714312,,NA
2023-01-29,6998,6998,7964.714285714285,7886.285714285715,78.42857142857065,,NA
2023-01-30,8455,8455,8031.571428571428,7964.714285714285,66.85714285714312,,NA
2023-01-31,8381,8381,7964.428571428572,8031.571428571428,67.14285714285688,,NA
2023-02-01,6461,6461,7764.142857142857,7964.428571428572,200.28571428571468,,NA
2023-02-02,4541,4541,7135.714285714285,7764.142857142857,628.4285714285716,,NA
2023-02-03,2621,2621,6341.857142857143,7135.714285714285,793.8571428571422,,NA
2023-02-04,10925,10925,6911.714285714285,6341.857142857143,569.8571428571422,,NA
2023-02-05,7868,7868,7036.0,6911.714285714285,124.28571428571468,,NA
2023-02-06,8847,8847,7092.0,7036.0,56.0,,NA
2023-02-07,8703,8703,7138.0,7092.0,46.0,,NA
2023-02-08,8309,8309,7402.0,7138.0,264.0,,NA
2023-02-09,8232,8232,7929.285714285715,7402.0,527.2857142857147,178.734693877551,OK
2023-02-10,8031,8031,8702.142857142857,7929.285714285715,772.8571428571422,186.04081632653055,OK
2023-02-11,7045,7045,8147.857142857143,8702.142857142857,554.2857142857138,205.37244897959175,OK
2023-02-12,7037,7037,8029.142857142857,8147.857142857143,118.71428571428623,209.22448979591832,OK
2023-02-13,7740,7740,7871.0,8029.142857142857,158.14285714285688,207.03571428571425,OK
2023-02-14,8027,8027,7774.428571428572,7871.0,96.57142857142844,206.72448979591834,OK
2023-02-15,8490,8490,7800.285714285715,7774.428571428572,25.857142857143117,207.2295918367347,OK
2023-02-16,8077,8077,7778.142857142857,7800.285714285715,22.142857142857792,207.4795918367347,OK
2023-02-17,7747,7747,7737.571428571428,7778.142857142857,40.57142857142844,207.20918367346937,OK
2023-02-18,7200,7200,7759.714285714285,7737.571428571428,22.142857142856883,205.61734693877546,OK
2023-02-19,6630,6630,7701.571428571428,7759.714285714285,58.14285714285688,205.72448979591832,OK
2023-02-20,6588,6588,7537.0,7701.571428571428,164.57142857142844,206.8367346938775,OK
2023-02-21,8022,8022,7536.285714285715,7537.0,0.7142857142853245,204.63775510204073,OK
2023-02-22,7637,7637,7414.428571428572,7536.285714285715,121.85714285714312,205.5867346938775,OK
2023-02-23,7729,7729,7364.714285714285,7414.428571428572,49.714285714286234,202.49489795918365,OK
2023-02-24,7821,7821,7375.285714285715,7364.714285714285,10.571428571429351,202.6122448979592,OK
2023-02-25,7372,7372,7399.857142857143,7375.285714285715,24.57142857142844,202.28061224489792,OK
2023-02-26,6787,6787,7422.285714285715,7399.857142857143,22.42857142857156,200.28061224489798,OK
2023-02-27,8399,8399,7681.0,7422.285714285715,258.7142857142853,207.1326530612245,OK
2023-02-28,8116,8116,7694.428571428572,7681.0,13.428571428571558,205.21428571428572,OK
2023-03-01,7386,7386,7658.571428571428,7694.428571428572,35.85714285714312,199.34183673469389,OK
2023-03-02,6655,6655,7505.142857142857,7658.571428571428,153.42857142857156,182.37755102040816,OK
2023-03-03,5925,5925,7234.285714285715,7505.142857142857,270.8571428571422,163.69897959183672,OK
2023-03-04,5194,5194,6923.142857142857,7234.285714285715,311.1428571428578,154.45918367346943,OK
2023-03-05,4464,4464,6591.285714285715,6923.142857142857,331.8571428571422,161.87244897959184,OK
2023-03-06,3733,3733,5924.714285714285,6591.285714285715,666.5714285714294,183.67857142857147,OK
2023-03-07,3003,3003,5194.285714285715,5924.714285714285,730.4285714285706,208.12244897959184,OK
2023-03-08,8780,8780,5393.428571428572,5194.285714285715,199.14285714285688,205.80612244897958,OK
2023-03-09,8916,8916,5716.428571428572,5393.428571428572,323.0,198.51020408163262,OK
2023-03-10,8016,8016,6015.142857142857,5716.428571428572,298.7142857142853,181.57653061224488,OK
2023-03-11,6535,6535,6206.714285714285,6015.142857142857,191.57142857142844,168.62244897959184,OK
2023-03-12,6792,6792,6539.285714285715,6206.714285714285,332.57142857142935,176.26020408163268,OK
2023-03-13,8134,8134,7168.0,6539.285714285715,628.7142857142853,193.06632653061226,OK
2023-03-14,8565,8565,7962.571428571428,7168.0,794.5714285714284,217.99489795918367,OK
2023-03-15,8670,8670,7946.857142857143,7962.571428571428,15.714285714285325,217.6326530612245,OK
2023-03-16,8488,8488,7885.714285714285,7946.857142857143,61.14285714285779,219.02551020408163,OK
2023-03-17,8488,8488,7953.142857142857,7885.714285714285,67.42857142857156,219.98469387755102,OK
2023-03-18,7098,7098,8033.571428571428,7953.142857142857,80.42857142857156,222.06632653061226,OK
2023-03-19,7150,7150,8084.714285714285,8033.571428571428,51.14285714285688,221.81632653061226,OK
2023-03-20,8995,8995,8207.714285714286,8084.714285714285,123.00000000000091,220.33163265306126,OK
2023-03-21,8808,8808,8242.42857142857,8207.714285714286,34.714285714284415,221.54591836734696,OK
2023-03-22,10070,10070,8442.42857142857,8242.42857142857,200.0,224.33673469387756,OK
2023-03-23,7993,7993,8371.714285714286,8442.42857142857,70.71428571428442,225.0867346938775,OK
2023-03-24,8607,8607,8388.714285714286,8371.714285714286,17.0,225.31632653061214,OK
2023-03-25,6762,6762,8340.714285714286,8388.714285714286,48.0,226.1530612244897,OK
2023-03-26,7259,7259,8356.285714285714,8340.714285714286,15.571428571427532,225.908163265306,OK
2023-03-27,8411,8411,8272.857142857143,8356.285714285714,83.42857142857065,219.64795918367332,OK
2023-03-28,8719,8719,8260.142857142857,8272.857142857143,12.714285714286234,219.62244897959172,OK
2023-03-29,8896,8896,8092.428571428572,8260.142857142857,167.71428571428532,224.33163265306106,OK
2023-03-30,8658,8658,8187.428571428572,8092.428571428572,95.0,222.24489795918353,OK
2023-03-31,8187,8187,8127.428571428572,8187.428571428572,60.0,214.71428571428558,OK
2023-04-01,7875,7875,8286.42857142857,8127.428571428572,158.9999999999991,209.28061224489778,OK
2023-04-02,7563,7563,8329.857142857143,8286.42857142857,43.42857142857247,198.97959183673456,OK
2023-04-03,7251,7251,8164.142857142857,8329.857142857143,165.71428571428623,181.09183673469374,OK
2023-04-04,6939,6939,7909.857142857143,8164.142857142857,254.28571428571377,164.08673469387742,OK
2023-04-05,6627,6627,7585.714285714285,7909.857142857143,324.1428571428578,168.55102040816317,OK
2023-04-06,6315,6315,7251.0,7585.714285714285,334.7142857142853,168.96938775510193,OK
2023-04-07,6003,6003,6939.0,7251.0,312.0,169.4438775510203,OK
2023-04-08,6950,6950,6806.857142857143,6939.0,132.14285714285688,167.32142857142847,OK
2023-04-09,6301,6301,6626.571428571428,6806.857142857143,180.28571428571468,161.88265306122437,OK
2023-04-10,8208,8208,6763.285714285715,6626.571428571428,136.71428571428623,144.31122448979585,OK
2023-04-11,8212,8212,6945.142857142857,6763.285714285715,181.8571428571422,122.42857142857133,OK
2023-04-12,9007,9007,7285.142857142857,6945.142857142857,340.0,134.01020408163257,OK
2023-04-13,9109,9109,7684.285714285715,7285.142857142857,399.1428571428578,146.08163265306115,OK
2023-04-14,9520,9520,8186.714285714285,7684.285714285715,502.42857142857065,161.6173469387754,OK
2023-04-15,8223,8223,8368.57142857143,8186.714285714285,181.85714285714403,165.23979591836726,OK
2023-04-16,7995,7995,8610.57142857143,8368.57142857143,242.0,172.05612244897952,OK
2023-04-17,8759,8759,8689.285714285714,8610.57142857143,78.71428571428442,170.47448979591823,OK
2023-04-18,9101,9101,8816.285714285714,8689.285714285714,127.0,173.77040816326522,OK
2023-04-19,9224,9224,8847.285714285714,8816.285714285714,31.0,167.7346938775509,OK
2023-04-20,9035,9035,8836.714285714286,8847.285714285714,10.571428571427532,165.58673469387745,OK
2023-04-21,8426,8426,8680.42857142857,8836.714285714286,156.28571428571558,170.56122448979588,OK
2023-04-22,7388,7388,8561.142857142857,8680.42857142857,119.28571428571377,173.1071428571428,OK
2023-04-23,7705,7705,8519.714285714286,8561.142857142857,41.42857142857065,174.0306122448979,OK
2023-04-24,9034,9034,8559.0,8519.714285714286,39.285714285713766,172.45408163265301,OK
2023-04-25,9567,9567,8625.57142857143,8559.0,66.57142857142935,174.37755102040813,OK
2023-04-26,9003,9003,8594.0,8625.57142857143,31.57142857142935,169.51530612244898,OK
2023-04-27,8375,8375,8499.714285714286,8594.0,94.28571428571377,169.48979591836732,OK
2023-04-28,8477,8477,8507.0,8499.714285714286,7.285714285713766,167.60714285714283,OK
2023-04-29,7727,7727,8555.42857142857,8507.0,48.42857142857065,163.6581632653061,OK
2023-04-30,8651,8651,8690.57142857143,8555.42857142857,135.1428571428587,166.93367346938774,OK
2023-05-01,8153,8153,8564.714285714286,8690.57142857143,125.85714285714312,165.51020408163262,OK
2023-05-02,7655,7655,8291.57142857143,8564.714285714286,273.1428571428569,166.18367346938774,OK
2023-05-03,7157,7157,8027.857142857143,8291.57142857143,263.71428571428623,164.02551020408163,OK
2023-05-04,6659,6659,7782.714285714285,8027.857142857143,245.1428571428578,160.8265306122449,OK
2023-05-05,6160,6160,7451.714285714285,7782.714285714285,331.0,161.50510204081635,OK
2023-05-06,5662,5662,7156.714285714285,7451.714285714285,295.0,167.3214285714286,OK
2023-05-07,5164,5164,6658.571428571428,7156.714285714285,498.1428571428569,178.67346938775512,OK
2023-05-08,4666,4666,6160.428571428572,6658.571428571428,498.1428571428569,191.5816326530612,OK
2023-05-09,4168,4168,5662.285714285715,6160.428571428572,498.1428571428569,202.87755102040816,OK
2023-05-10,9106,9106,5940.714285714285,5662.285714285715,278.42857142857065,200.6785714285714,OK
2023-05-11,9154,9154,6297.142857142857,5940.714285714285,356.42857142857156,199.15306122448973,OK
2023-05-12,9687,9687,6801.0,6297.142857142857,503.8571428571431,199.20408163265304,OK
2023-05-13,9538,9538,7354.714285714285,6801.0,553.7142857142853,212.48469387755094,OK
2023-05-14,8672,8672,7855.857142857143,7354.714285714285,501.1428571428578,221.7397959183673,OK
2023-05-15,9362,9362,8526.714285714286,7855.857142857143,670.8571428571431,242.8877551020408,OK
2023-05-16,9200,9200,9245.57142857143,8526.714285714286,718.8571428571431,264.0255102040816,OK
2023-05-17,8882,8882,9213.57142857143,9245.57142857143,32.0,264.06122448979596,OK
2023-05-18,8788,8788,9161.285714285714,9213.57142857143,52.285714285715585,265.55102040816337,OK
2023-05-19,8863,8863,9043.57142857143,9161.285714285714,117.71428571428442,264.1734693877551,OK
2023-05-20,7005,7005,8681.714285714286,9043.57142857143,361.8571428571431,272.8367346938776,OK
2023-05-21,8943,8943,8720.42857142857,8681.714285714286,38.714285714284415,272.73979591836735,OK
2023-05-22,9504,9504,8740.714285714286,8720.42857142857,20.285714285715585,272.061224489796,OK
2023-05-23,9214,9214,8742.714285714286,8740.714285714286,2.0,269.7551020408164,OK
2023-05-24,8581,8581,8699.714285714286,8742.714285714286,43.0,270.16326530612247,OK
2023-05-25,8452,8452,8651.714285714286,8699.714285714286,48.0,268.5102040816327,OK
2023-05-26,8710,8710,8629.857142857143,8651.714285714286,21.857142857143117,269.030612244898,OK
2023-05-27,8033,8033,8776.714285714286,8629.857142857143,146.85714285714312,272.54591836734704,OK
2023-05-28,9013,9013,8786.714285714286,8776.714285714286,10.0,268.07653061224494,OK
2023-05-29,8240,8240,8606.142857142857,8786.714285714286,180.57142857142935,270.030612244898,OK
2023-05-30,9820,9820,8692.714285714286,8606.142857142857,86.57142857142935,263.3673469387756,OK
2023-05-31,9065,9065,8761.857142857143,8692.714285714286,69.14285714285688,256.41836734693885,OK
2023-06-01,8062,8062,8706.142857142857,8761.857142857143,55.714285714286234,249.65306122448987,OK
2023-06-02,7059,7059,8470.285714285714,8706.142857142857,235.85714285714312,246.2551020408164,OK
2023-06-03,6056,6056,8187.857142857143,8470.285714285714,282.42857142857065,245.80612244897966,OK
2023-06-04,5052,5052,7622.0,8187.857142857143,565.8571428571431,248.22448979591846,OK
2023-06-05,4049,4049,7023.285714285715,7622.0,598.7142857142853,251.81632653061232,OK
2023-06-06,3046,3046,6055.571428571428,7023.285714285715,967.7142857142862,268.58673469387764,OK
2023-06-07,2043,2043,5052.428571428572,6055.571428571428,1003.1428571428569,294.46938775510216,OK
2023-06-08,1040,1040,4049.285714285714,5052.428571428572,1003.1428571428573,317.5663265306124,OK
2023-06-09,8012,8012,4185.428571428572,4049.285714285714,136.14285714285734,304.4336734693879,OK
2023-06-10,8595,8595,4548.142857142857,4185.428571428572,362.7142857142853,297.61224489795933,OK
2023-06-11,9502,9502,5183.857142857143,4548.142857142857,635.7142857142862,302.4183673469389,OK
2023-06-12,9294,9294,5933.142857142857,5183.857142857143,749.2857142857138,305.2193877551021,OK
2023-06-13,9335,9335,6831.571428571428,5933.142857142857,898.4285714285716,311.6326530612246,OK
2023-06-14,8337,8337,7730.714285714285,6831.571428571428,899.1428571428569,342.6020408163266,WARN
2023-06-15,8992,8992,8866.714285714286,7730.714285714285,1136.000000000001,381.3061224489797,ALERT
2023-06-16,8622,8622,8953.857142857143,8866.714285714286,87.14285714285688,380.21428571428584,ALERT
2023-06-17,8469,8469,8935.857142857143,8953.857142857143,18.0,367.9336734693878,WARN
2023-06-18,9358,9358,8915.285714285714,8935.857142857143,20.57142857142935,367.2857142857144,WARN
2023-06-19,8533,8533,8806.57142857143,8915.285714285714,108.71428571428442,370.4438775510204,WARN
2023-06-20,9824,9824,8876.42857142857,8806.57142857143,69.8571428571413,372.8673469387755,WARN
2023-06-21,9689,9689,9069.57142857143,8876.42857142857,193.1428571428587,378.22959183673476,WARN
2023-06-22,8871,8871,9052.285714285714,9069.57142857143,17.285714285715585,377.13265306122463,WARN
2023-06-23,8880,8880,9089.142857142857,9052.285714285714,36.85714285714312,377.6683673469389,WARN
2023-06-24,8837,8837,9141.714285714286,9089.142857142857,52.57142857142935,374.3010204081634,WARN
2023-06-25,9572,9572,9172.285714285714,9141.714285714286,30.571428571427532,375.0357142857144,WARN
2023-06-26,9623,9623,9328.0,9172.285714285714,155.71428571428623,374.14795918367355,WARN
2023-06-27,9265,9265,9248.142857142857,9328.0,79.85714285714312,373.90816326530614,WARN
2023-06-28,9321,9321,9195.57142857143,9248.142857142857,52.57142857142753,373.31632653061234,WARN
2023-06-29,9357,9357,9265.0,9195.57142857143,69.42857142857065,373.8061224489796,WARN
2023-06-30,8672,8672,9235.285714285714,9265.0,29.714285714286234,366.4438775510204,WARN
2023-07-01,8182,8182,9141.714285714286,9235.285714285714,93.57142857142753,359.6989795918367,WARN
2023-07-02,7693,7693,8873.285714285714,9141.714285714286,268.42857142857247,349.07653061224494,WARN
2023-07-03,7203,7203,8527.57142857143,8873.285714285714,345.7142857142844,340.04081632653055,WARN
2023-07-04,6714,6714,8163.142857142857,8527.57142857143,364.42857142857247,318.4948979591836,OK
2023-07-05,6224,6224,7720.714285714285,8163.142857142857,442.42857142857156,298.4693877551021,OK
2023-07-06,5734,5734,7203.142857142857,7720.714285714285,517.5714285714284,281.1275510204082,OK
2023-07-07,5245,5245,6713.571428571428,7203.142857142857,489.57142857142844,293.75,OK
2023-07-08,4755,4755,6224.0,6713.571428571428,489.57142857142844,298.28061224489795,OK
2023-07-09,4266,4266,5734.428571428572,6224.0,489.57142857142844,293.06122448979596,OK
2023-07-10,3776,3776,5244.857142857143,5734.428571428572,489.57142857142844,283.7857142857143,OK
2023-07-11,9611,9611,5658.714285714285,5244.857142857143,413.8571428571422,266.47959183673464,OK
2023-07-12,9762,9762,6164.142857142857,5658.714285714285,505.42857142857156,252.41836734693877,OK
2023-07-13,9683,9683,6728.285714285715,6164.142857142857,564.1428571428578,231.99489795918365,OK
2023-07-14,9092,9092,7277.857142857143,6728.285714285715,549.5714285714284,248.51020408163262,OK
2023-07-15,7855,7855,7720.714285714285,7277.857142857143,442.8571428571422,263.6836734693877,OK
2023-07-16,7665,7665,8206.285714285714,7720.714285714285,485.57142857142844,280.29081632653055,OK
2023-07-17,10000,10000,9095.42857142857,8206.285714285714,889.1428571428569,308.1632653061224,OK
2023-07-18,9726,9726,9111.857142857143,9095.42857142857,16.428571428572468,306.2551020408164,OK
2023-07-19,9637,9637,9094.0,9111.857142857143,17.857142857143117,299.9948979591837,OK
2023-07-20,9770,9770,9106.42857142857,9094.0,12.428571428570649,299.8214285714285,OK
2023-07-21,9275,9275,9132.57142857143,9106.42857142857,26.142857142858702,299.43877551020404,OK
2023-07-22,8757,8757,9261.42857142857,9132.57142857143,128.8571428571413,302.16326530612236,OK
2023-07-23,9441,9441,9515.142857142857,9261.42857142857,253.71428571428623,310.13265306122446,OK
2023-07-24,9992,9992,9514.0,9515.142857142857,1.142857142856883,304.6122448979591,OK
2023-07-25,9738,9738,9515.714285714286,9514.0,1.714285714286234,301.8214285714285,OK
2023-07-26,9373,9373,9478.0,9515.714285714286,37.714285714286234,301.2908163265306,OK
2023-07-27,9521,9521,9442.42857142857,9478.0,35.57142857142935,300.08163265306126,OK
2023-07-28,9570,9570,9484.57142857143,9442.42857142857,42.1428571428587,300.52551020408174,OK
2023-07-29,8516,8516,9450.142857142857,9484.57142857143,34.42857142857247,298.4132653061226,OK
2023-07-30,9313,9313,9431.857142857143,9450.142857142857,18.285714285713766,289.4795918367348,OK
2023-07-31,9927,9927,9422.57142857143,9431.857142857143,9.285714285713766,277.46428571428584,OK
2023-08-01,9764,9764,9426.285714285714,9422.57142857143,3.714285714284415,264.58163265306126,OK
2023-08-02,9601,9601,9458.857142857143,9426.285714285714,32.57142857142935,249.94387755102048,OK
2023-08-03,9438,9438,9447.0,9458.857142857143,11.857142857143117,231.88265306122457,OK
2023-08-04,9275,9275,9404.857142857143,9447.0,42.14285714285688,215.90306122448987,OK
2023-08-05,9112,9112,9490.0,9404.857142857143,85.14285714285688,201.45918367346945,OK
2023-08-06,8948,8948,9437.857142857143,9490.0,52.14285714285688,185.83673469387762,OK
2023-08-07,8785,8785,9274.714285714286,9437.857142857143,163.14285714285688,174.1785714285715,OK
2023-08-08,8622,8622,9111.57142857143,9274.714285714286,163.14285714285688,165.22448979591846,OK
2023-08-09,8459,8459,8948.42857142857,9111.57142857143,163.1428571428587,153.00000000000014,OK
2023-08-10,8296,8296,8785.285714285714,8948.42857142857,163.14285714285688,138.67857142857153,OK
2023-08-11,9340,9340,8794.57142857143,8785.285714285714,9.285714285715585,119.38265306122464,OK
2023-08-12,8733,8733,8740.42857142857,8794.57142857143,54.1428571428587,105.50000000000023,OK
2023-08-13,8926,8926,8737.285714285714,8740.42857142857,3.142857142856883,88.27040816326553,OK
2023-08-14,9703,9703,8868.42857142857,8737.285714285714,131.14285714285688,61.19897959183696,OK
2023-08-15,9301,9301,8965.42857142857,8868.42857142857,97.0,64.07653061224508,OK
2023-08-16,9373,9373,9096.0,8965.42857142857,130.57142857142935,68.10204081632673,OK
2023-08-17,9327,9327,9243.285714285714,9096.0,147.28571428571377,72.918367346939,OK
2023-08-18,9991,9991,9336.285714285714,9243.285714285714,93.0,75.30612244897975,OK
2023-08-19,8996,8996,9373.857142857143,9336.285714285714,37.57142857142935,72.04591836734718,OK
2023-08-20,9339,9339,9432.857142857143,9373.857142857143,59.0,65.0918367346941,OK
2023-08-21,9502,9502,9404.142857142857,9432.857142857143,28.714285714286234,66.07653061224515,OK
2023-08-22,9128,9128,9379.42857142857,9404.142857142857,24.714285714286234,66.89795918367372,OK
2023-08-23,9039,9039,9331.714285714286,9379.42857142857,47.714285714284415,67.25510204081651,OK
2023-08-24,8061,8061,9150.857142857143,9331.714285714286,180.85714285714312,72.44387755102058,OK
2023-08-25,8469,8469,8933.42857142857,9150.857142857143,217.42857142857247,78.70408163265321,OK
2023-08-26,8934,8934,8924.57142857143,8933.42857142857,8.857142857141298,77.79081632653067,OK
2023-08-27,8783,8783,8845.142857142857,8924.57142857143,79.42857142857247,79.97448979591847,OK
2023-08-28,9473,9473,8841.0,8845.142857142857,4.142857142856883,79.79081632653073,OK
2023-08-29,9177,9177,8848.0,8841.0,7.0,79.90816326530629,OK
2023-08-30,9141,9141,8862.57142857143,8848.0,14.571428571429351,79.26530612244915,OK
2023-08-31,8968,8968,8992.142857142857,8862.57142857143,129.57142857142753,83.46938775510216,OK
2023-09-01,8702,8702,9025.42857142857,8992.142857142857,33.285714285713766,83.1530612244899,OK
2023-09-02,8437,8437,8954.42857142857,9025.42857142857,71.0,82.64795918367359,OK
2023-09-03,8171,8171,8867.0,8954.42857142857,87.42857142857065,83.90816326530623,OK
2023-09-04,7906,7906,8643.142857142857,8867.0,223.85714285714312,86.07653061224502,OK
2023-09-05,7640,7640,8423.57142857143,8643.142857142857,219.57142857142753,88.09183673469397,OK
2023-09-06,7374,7374,8171.142857142857,8423.57142857143,252.42857142857247,91.28061224489804,OK
2023-09-07,7109,7109,7905.571428571428,8171.142857142857,265.57142857142844,94.93877551020417,OK
2023-09-08,6843,6843,7640.0,7905.571428571428,265.57142857142844,104.0918367346939,OK
2023-09-09,6578,6578,7374.428571428572,7640.0,265.57142857142844,111.64285714285711,OK
2023-09-10,6312,6312,7108.857142857143,7374.428571428572,265.57142857142844,121.01530612244895,OK
2023-09-11,10284,10284,7448.571428571428,7108.857142857143,339.7142857142853,128.4642857142857,OK
2023-09-12,10468,10468,7852.571428571428,7448.571428571428,404.0,139.4285714285714,OK
2023-09-13,9607,9607,8171.571428571428,7852.571428571428,319.0,146.15816326530606,OK
2023-09-14,9836,9836,8561.142857142857,8171.571428571428,389.57142857142844,154.81122448979588,OK
2023-09-15,9529,9529,8944.857142857143,8561.142857142857,383.71428571428623,165.1938775510204,OK
2023-09-16,9307,9307,9334.714285714286,8944.857142857143,389.8571428571431,177.7755102040816,OK
2023-09-17,8952,8952,9711.857142857143,9334.714285714286,377.1428571428569,189.13775510204076,OK
2023-09-18,8808,8808,9501.0,9711.857142857143,210.85714285714312,195.64285714285708,OK
2023-09-19,10025,10025,9437.714285714286,9501.0,63.285714285713766,197.02040816326522,OK
2023-09-20,9687,9687,9449.142857142857,9437.714285714286,11.428571428570649,195.7244897959183,OK
2023-09-21,9684,9684,9427.42857142857,9449.142857142857,21.714285714286234,190.04081632653055,OK
2023-09-22,9656,9656,9445.57142857143,9427.42857142857,18.142857142858702,182.92346938775503,OK
2023-09-23,7007,7007,9117.0,9445.57142857143,328.57142857142935,194.3418367346939,OK
2023-09-24,6687,6687,8793.42857142857,9117.0,323.57142857142935,203.06122448979593,OK
2023-09-25,8116,8116,8694.57142857143,8793.42857142857,98.8571428571413,206.4438775510204,OK
2023-09-26,9199,9199,8576.57142857143,8694.57142857143,118.0,210.4081632653061,OK
2023-09-27,9234,9234,8511.857142857143,8576.57142857143,64.71428571428623,212.1989795918367,OK
2023-09-28,9191,9191,8441.42857142857,8511.857142857143,70.42857142857247,210.0867346938776,OK
2023-09-29,17962,17962,9628.0,8441.42857142857,1186.5714285714294,251.2755102040817,OK
2023-09-30,10449,10449,10119.714285714286,9628.0,491.71428571428623,266.30102040816337,OK
2023-10-01,9520,9520,10524.42857142857,10119.714285714286,404.7142857142844,277.6326530612246,OK
2023-10-02,8591,8591,10592.285714285714,10524.42857142857,67.85714285714312,272.061224489796,OK
2023-10-03,7661,7661,10372.57142857143,10592.285714285714,219.71428571428442,272.06632653061234,OK
2023-10-04,6732,6732,10015.142857142857,10372.57142857143,357.42857142857247,275.81632653061234,OK
2023-10-05,5803,5803,9531.142857142857,10015.142857142857,484.0,283.6173469387756,OK
2023-10-06,4874,4874,7661.428571428572,9531.142857142857,1869.7142857142853,340.90816326530614,WARN
2023-10-07,3945,3945,6732.285714285715,7661.428571428572,929.1428571428569,364.607142857143,WARN
2023-10-08,3015,3015,5803.0,6732.285714285715,929.2857142857147,388.311224489796,ALERT
2023-10-09,2086,2086,4873.714285714285,5803.0,929.2857142857147,409.3673469387756,ALERT
2023-10-10,1157,1157,3944.5714285714284,4873.714285714285,929.1428571428569,428.122448979592,ALERT
2023-10-11,9617,9617,4356.714285714285,3944.5714285714284,412.1428571428569,431.4489795918368,ALERT
2023-10-12,9418,9418,4873.142857142857,4356.714285714285,516.4285714285716,435.9795918367348,ALERT
2023-10-13,9760,9760,5571.142857142857,4873.142857142857,698.0,447.20408163265313,ALERT
2023-10-14,7390,7390,6063.285714285715,5571.142857142857,492.1428571428578,450.857142857143,ALERT
2023-10-15,8322,8322,6821.428571428572,6063.285714285715,758.1428571428569,464.46428571428584,ALERT
2023-10-16,10863,10863,8075.285714285715,6821.428571428572,1253.8571428571431,501.71428571428584,ALERT
2023-10-17,10623,10623,9427.57142857143,8075.285714285715,1352.2857142857147,547.7500000000001,ALERT
2023-10-18,10049,10049,9489.285714285714,9427.57142857143,61.714285714284415,549.5459183673471,ALERT
2023-10-19,9865,9865,9553.142857142857,9489.285714285714,63.85714285714312,551.0510204081634,ALERT
2023-10-20,8418,8418,9361.42857142857,9553.142857142857,191.71428571428623,557.2500000000001,ALERT
2023-10-21,7765,7765,9415.0,9361.42857142857,53.57142857142935,547.4285714285714,ALERT
2023-10-22,8427,8427,9430.0,9415.0,15.0,536.4081632653061,ALERT
2023-10-23,10893,10893,9434.285714285714,9430.0,4.285714285713766,533.0306122448981,ALERT
2023-10-24,10108,10108,9360.714285714286,9434.285714285714,73.57142857142753,531.4438775510205,ALERT
2023-10-25,9504,9504,9282.857142857143,9360.714285714286,77.85714285714312,531.9132653061225,ALERT
2023-10-26,9724,9724,9262.714285714286,9282.857142857143,20.142857142856883,530.1173469387755,ALERT
2023-10-27,10092,10092,9501.857142857143,9262.714285714286,239.14285714285688,496.2806122448979,ALERT
2023-10-28,9059,9059,9686.714285714286,9501.857142857143,184.85714285714312,485.3214285714285,ALERT
2023-10-29,7833,7833,9601.857142857143,9686.714285714286,84.85714285714312,473.89795918367344,ALERT
2023-10-30,9790,9790,9444.285714285714,9601.857142857143,157.57142857142935,477.10204081632656,ALERT
2023-10-31,11323,11323,9617.857142857143,9444.285714285714,173.57142857142935,475.45408163265313,ALERT
2023-11-01,10930,10930,9821.57142857143,9617.857142857143,203.71428571428623,469.9642857142858,ALERT
2023-11-02,10538,10538,9937.857142857143,9821.57142857143,116.28571428571377,456.83163265306126,ALERT
2023-11-03,10145,10145,9945.42857142857,9937.857142857143,7.571428571427532,390.32653061224494,ALERT
2023-11-04,9753,9753,10044.57142857143,9945.42857142857,99.1428571428587,360.6836734693878,WARN
2023-11-05,9360,9360,10262.714285714286,10044.57142857143,218.14285714285688,335.28571428571433,WARN
2023-11-06,8968,8968,10145.285714285714,10262.714285714286,117.42857142857247,306.29081632653066,OK
2023-11-07,8575,8575,9752.714285714286,10145.285714285714,392.57142857142753,287.12755102040825,OK
2023-11-08,8183,8183,9360.285714285714,9752.714285714286,392.42857142857247,286.42346938775523,OK
2023-11-09,7790,7790,8967.714285714286,9360.285714285714,392.57142857142753,282.00000000000006,OK
2023-11-10,9289,9289,8845.42857142857,8967.714285714286,122.28571428571558,261.4387755102042,OK
2023-11-11,7908,7908,8581.857142857143,8845.42857142857,263.57142857142753,253.27551020408168,OK
2023-11-12,8799,8799,8501.714285714286,8581.857142857143,80.14285714285688,229.06122448979596,OK
2023-11-13,10683,10683,8746.714285714286,8501.714285714286,245.0,193.030612244898,OK
2023-11-14,9759,9759,8915.857142857143,8746.714285714286,169.14285714285688,150.77551020408166,OK
2023-11-15,9596,9596,9117.714285714286,8915.857142857143,201.85714285714312,155.78061224489804,OK
2023-11-16,9251,9251,9326.42857142857,9117.714285714286,208.71428571428442,160.95408163265307,OK
2023-11-17,9194,9194,9312.857142857143,9326.42857142857,13.571428571427532,154.59183673469383,OK
2023-11-18,7917,7917,9314.142857142857,9312.857142857143,1.285714285713766,152.7244897959183,OK
2023-11-19,7795,7795,9170.714285714286,9314.142857142857,143.42857142857065,157.31122448979582,OK
2023-11-20,10252,10252,9109.142857142857,9170.714285714286,61.57142857142935,159.3571428571428,OK
2023-11-21,9463,9463,9066.857142857143,9109.142857142857,42.285714285713766,158.2397959183673,OK
2023-11-22,9158,9158,9004.285714285714,9066.857142857143,62.57142857142935,157.6938775510204,OK
2023-11-23,6243,6243,8574.57142857143,9004.285714285714,429.7142857142844,172.3214285714285,OK
2023-11-24,7465,7465,8327.57142857143,8574.57142857143,247.0,172.60204081632648,OK
2023-11-25,8057,8057,8347.57142857143,8327.57142857143,20.0,166.71428571428564,OK
2023-11-26,7813,7813,8350.142857142857,8347.57142857143,2.571428571427532,163.7755102040815,OK
2023-11-27,10347,10347,8363.714285714286,8350.142857142857,13.571428571429351,158.63265306122437,OK
2023-11-28,11382,11382,8637.857142857143,8363.714285714286,274.1428571428569,162.22448979591823,OK
2023-11-29,11502,11502,8972.714285714286,8637.857142857143,334.8571428571431,166.90816326530597,OK
2023-11-30,10337,10337,9557.57142857143,8972.714285714286,584.8571428571431,183.64285714285703,OK
2023-12-01,9587,9587,9860.714285714286,9557.57142857143,303.1428571428569,194.19897959183663,OK
2023-12-02,8838,8838,9972.285714285714,9860.714285714286,111.57142857142753,194.64285714285694,OK
2023-12-03,8088,8088,10011.57142857143,9972.285714285714,39.285714285715585,188.25510204081618,OK
2023-12-04,7338,7338,9581.714285714286,10011.57142857143,429.8571428571431,199.41326530612227,OK
2023-12-05,6588,6588,8896.857142857143,9581.714285714286,684.8571428571431,209.85204081632642,OK
2023-12-06,5838,5838,8087.714285714285,8896.857142857143,809.1428571428578,224.73469387755088,OK
2023-12-07,5089,5089,7338.0,8087.714285714285,749.7142857142853,237.48979591836724,OK
2023-12-08,4339,4339,6588.285714285715,7338.0,749.7142857142853,259.8979591836733,OK
2023-12-09,8110,8110,6484.285714285715,6588.285714285715,104.0,254.1989795918366,OK
2023-12-10,7342,7342,6377.714285714285,6484.285714285715,106.57142857142935,255.14285714285705,OK
2023-12-11,10193,10193,6785.571428571428,6377.714285714285,407.8571428571431,260.9591836734693,OK
2023-12-12,10938,10938,7407.0,6785.571428571428,621.4285714285716,277.1122448979591,OK
2023-12-13,10308,10308,8045.571428571428,7407.0,638.5714285714284,292.70918367346934,OK
2023-12-14,9719,9719,8707.0,8045.571428571428,661.4285714285716,308.87755102040813,OK
2023-12-15,10242,10242,9550.285714285714,8707.0,843.2857142857138,338.51020408163265,WARN
2023-12-16,7803,7803,9506.42857142857,9550.285714285714,43.85714285714312,340.03061224489795,WARN
2023-12-17,7163,7163,9480.857142857143,9506.42857142857,25.571428571427532,335.82142857142856,WARN
2023-12-18,11259,11259,9633.142857142857,9480.857142857143,152.28571428571377,339.06122448979585,WARN
2023-12-19,9986,9986,9497.142857142857,9633.142857142857,136.0,342.4081632653061,WARN
2023-12-20,9703,9703,9410.714285714286,9497.142857142857,86.42857142857065,343.2602040816326,WARN
2023-12-21,9056,9056,9316.0,9410.714285714286,94.71428571428623,331.2959183673469,WARN
2023-12-22,9172,9172,9163.142857142857,9316.0,152.85714285714312,327.93367346938777,WARN
2023-12-23,7153,7153,9070.285714285714,9163.142857142857,92.85714285714312,330.5357142857143,WARN
2023-12-24,6421,6421,8964.285714285714,9070.285714285714,106.0,334.22959183673476,WARN
2023-12-25,5596,5596,8155.285714285715,8964.285714285714,808.9999999999991,362.6377551020408,WARN
2023-12-26,7867,7867,7852.571428571428,8155.285714285715,302.71428571428623,363.65816326530614,WARN
2023-12-27,7629,7629,7556.285714285715,7852.571428571428,296.28571428571377,362.2806122448979,WARN
2023-12-28,8166,8166,7429.142857142857,7556.285714285715,127.14285714285779,345.93367346938777,WARN
2023-12-29,8146,8146,7282.571428571428,7429.142857142857,146.57142857142844,340.34183673469386,WARN
2023-12-30,7000,7000,7260.714285714285,7282.571428571428,21.857142857143117,337.1377551020409,WARN
2023-12-31,6689,6689,7299.0,7260.714285714285,38.285714285714675,337.10204081632656,WARN
2024-01-01,6398,6398,7413.571428571428,7299.0,114.57142857142844,325.84183673469386,WARN
2024-01-02,6107,6107,7162.142857142857,7413.571428571428,251.42857142857156,310.36224489795916,OK
2024-01-03,5816,5816,6903.142857142857,7162.142857142857,259.0,290.71428571428567,OK
2024-01-04,5525,5525,6525.857142857143,6903.142857142857,377.28571428571377,277.4132653061224,OK
2024-01-05,5234,5234,6109.857142857143,6525.857142857143,416.0,265.4948979591837,OK
2024-01-06,4944,4944,5816.142857142857,6109.857142857143,293.71428571428623,272.2704081632653,OK
2024-01-07,4653,4653,5525.285714285715,5816.142857142857,290.8571428571422,278.85204081632645,OK
2024-01-08,4362,4362,5234.428571428572,5525.285714285715,290.8571428571431,274.67346938775506,OK
2024-01-09,4071,4071,4943.571428571428,5234.428571428572,290.8571428571431,262.8673469387755,OK
2024-01-10,3780,3780,4652.714285714285,4943.571428571428,290.8571428571431,250.4489795918367,OK
2024-01-11,9664,9664,5244.0,4652.714285714285,591.2857142857147,247.9438775510204,OK
2024-01-12,8900,8900,5767.714285714285,5244.0,523.7142857142853,236.53061224489792,OK
2024-01-13,7487,7487,6131.0,5767.714285714285,363.2857142857147,247.93877551020407,OK
2024-01-14,8108,8108,6624.571428571428,6131.0,493.57142857142844,264.6530612244898,OK
2024-01-15,9178,9178,7312.571428571428,6624.571428571428,688.0,283.78571428571433,OK
2024-01-16,9652,9652,8109.857142857143,7312.571428571428,797.2857142857147,307.4030612244898,OK
2024-01-17,11684,11684,9239.0,8109.857142857143,1129.1428571428569,344.6428571428572,WARN
2024-01-18,12554,12554,9651.857142857143,9239.0,412.8571428571431,356.0051020408164,WARN
2024-01-19,9362,9362,9717.857142857143,9651.857142857143,66.0,352.9030612244898,WARN
2024-01-20,8186,8186,9817.714285714286,9717.857142857143,99.85714285714312,353.1530612244898,WARN
2024-01-21,8748,8748,9909.142857142857,9817.714285714286,91.42857142857065,352.6326530612245,WARN
2024-01-22,10429,10429,10087.857142857143,9909.142857142857,178.71428571428623,330.12244897959187,WARN
2024-01-23,9706,9706,10095.57142857143,10087.857142857143,7.714285714286234,319.5867346938776,OK
2024-01-24,9092,9092,9725.285714285714,10095.57142857143,370.2857142857156,322.2295918367348,WARN
2024-01-25,9605,9605,9304.0,9725.285714285714,421.28571428571377,332.73469387755114,WARN
2024-01-26,9281,9281,9292.42857142857,9304.0,11.571428571429351,327.9132653061226,WARN
2024-01-27,8047,8047,9272.57142857143,9292.42857142857,19.857142857141298,327.84183673469397,WARN
2024-01-28,7330,7330,9070.0,9272.57142857143,202.57142857142935,333.70918367346945,WARN
2024-01-29,9833,9833,8984.857142857143,9070.0,85.14285714285688,332.6581632653062,WARN
2024-01-30,9934,9934,9017.42857142857,8984.857142857143,32.57142857142753,324.8418367346939,WARN
2024-01-31,9440,9440,9067.142857142857,9017.42857142857,49.714285714286234,317.36734693877554,OK
2024-02-01,7930,7930,8827.857142857143,9067.142857142857,239.28571428571377,312.43877551020415,OK
2024-02-02,6421,6421,8419.285714285714,8827.857142857143,408.57142857142935,312.1734693877552,OK
2024-02-03,4911,4911,7971.285714285715,8419.285714285714,447.9999999999991,317.6836734693878,OK
2024-02-04,3402,3402,7410.142857142857,7971.285714285715,561.1428571428578,327.33673469387764,WARN
2024-02-05,1892,1892,6275.714285714285,7410.142857142857,1134.4285714285716,357.46428571428584,WARN
2024-02-06,9472,9472,6209.714285714285,6275.714285714285,66.0,349.4336734693878,WARN
2024-02-07,9073,9073,6157.285714285715,6209.714285714285,52.42857142857065,340.9183673469388,WARN
2024-02-08,8848,8848,6288.428571428572,6157.285714285715,131.14285714285688,324.48469387755097,WARN
2024-02-09,8478,8478,6582.285714285715,6288.428571428572,293.8571428571431,316.2755102040816,OK
2024-02-10,8108,8108,7039.0,6582.285714285715,456.7142857142853,319.61224489795916,OK
2024-02-11,7345,7345,7602.285714285715,7039.0,563.2857142857147,322.10204081632645,OK
2024-02-12,8852,8852,8596.57142857143,7602.285714285715,994.2857142857147,333.0408163265306,WARN
2024-02-13,7373,7373,8296.714285714286,8596.57142857143,299.8571428571431,315.2755102040816,OK
2024-02-14,8273,8273,8182.428571428572,8296.714285714286,114.28571428571468,279.030612244898,OK
2024-02-15,8485,8485,8130.571428571428,8182.428571428572,51.85714285714312,266.13775510204084,OK
2024-02-16,8424,8424,8122.857142857143,8130.571428571428,7.7142857142853245,264.05612244897964,OK
2024-02-17,6423,6423,7882.142857142857,8122.857142857143,240.71428571428623,269.0867346938776,OK
2024-02-18,7110,7110,7848.571428571428,7882.142857142857,33.57142857142844,267.02040816326536,OK
2024-02-19,7582,7582,7667.142857142857,7848.571428571428,181.42857142857156,267.11734693877554,OK
2024-02-20,8593,8593,7841.428571428572,7667.142857142857,174.28571428571468,273.0663265306123,OK
2024-02-21,8892,8892,7929.857142857143,7841.428571428572,88.42857142857156,263.0,OK
2024-02-22,8517,8517,7934.428571428572,7929.857142857143,4.5714285714284415,248.1173469387755,OK
2024-02-23,8614,8614,7961.571428571428,7934.428571428572,27.142857142856883,248.6734693877551,OK
2024-02-24,7092,7092,8057.142857142857,7961.571428571428,95.57142857142844,251.3775510204082,OK
2024-02-25,7214,7214,8072.0,8057.142857142857,14.857142857143117,244.67346938775512,OK
2024-02-26,8989,8989,8273.0,8072.0,201.0,248.81122448979593,OK
2024-02-27,8856,8856,8310.57142857143,8273.0,37.57142857142935,248.98979591836743,OK
2024-02-28,8469,8469,8250.142857142857,8310.57142857143,60.42857142857247,249.37244897959195,OK
2024-02-29,9026,9026,8322.857142857143,8250.142857142857,72.71428571428623,243.42346938775523,OK
2024-03-01,8095,8095,8248.714285714286,8322.857142857143,74.14285714285688,231.47959183673478,OK
2024-03-02,7164,7164,8259.0,8248.714285714286,10.285714285713766,215.84693877551032,OK
2024-03-03,6232,6232,8118.714285714285,8259.0,140.28571428571468,200.81632653061234,OK
2024-03-04,5301,5301,7591.857142857143,8118.714285714285,526.8571428571422,179.1173469387756,OK
2024-03-05,4370,4370,6951.0,7591.857142857143,640.8571428571431,199.64795918367355,OK
2024-03-06,3438,3438,6232.285714285715,6951.0,718.7142857142853,223.4438775510205,OK
2024-03-07,2507,2507,5301.0,6232.285714285715,931.2857142857147,252.02040816326544,OK
2024-03-08,1576,1576,4369.714285714285,5301.0,931.2857142857147,274.7857142857144,OK
2024-03-09,7488,7488,4416.0,4369.714285714285,46.285714285714675,260.1275510204083,OK
2024-03-10,7773,7773,4636.142857142857,4416.0,220.14285714285688,247.87244897959198,OK
2024-03-11,9607,9607,5251.285714285715,4636.142857142857,615.1428571428578,234.33163265306138,OK
2024-03-12,9903,9903,6041.714285714285,5251.285714285715,790.4285714285706,251.85204081632665,OK
2024-03-13,9460,9460,6902.0,6041.714285714285,860.2857142857147,278.4948979591838,OK
2024-03-14,9532,9532,7905.571428571428,6902.0,1003.5714285714284,312.48469387755114,OK
2024-03-15,8884,8884,8949.57142857143,7905.571428571428,1044.000000000001,349.49489795918373,WARN
2024-03-16,7492,7492,8950.142857142857,8949.57142857143,0.571428571427532,340.9183673469388,WARN
2024-03-17,7606,7606,8926.285714285714,8950.142857142857,23.857142857143117,340.5714285714287,WARN
2024-03-18,8192,8192,8724.142857142857,8926.285714285714,202.14285714285688,341.31122448979596,WARN
2024-03-19,11450,11450,8945.142857142857,8724.142857142857,221.0,342.97959183673476,WARN
2024-03-20,9241,9241,8913.857142857143,8945.142857142857,31.285714285713766,340.93877551020404,WARN
2024-03-21,9304,9304,8881.285714285714,8913.857142857143,32.57142857142935,341.9387755102042,WARN
2024-03-22,8991,8991,8896.57142857143,8881.285714285714,15.285714285715585,341.51530612244915,WARN
2024-03-23,7673,7673,8922.42857142857,8896.57142857143,25.857142857141298,339.0255102040818,WARN
2024-03-24,8043,8043,8984.857142857143,8922.42857142857,62.42857142857247,340.7244897959185,WARN
2024-03-25,9391,9391,9156.142857142857,8984.857142857143,171.28571428571377,339.6632653061225,WARN
2024-03-26,9488,9488,8875.857142857143,9156.142857142857,280.28571428571377,348.3316326530613,WARN
2024-03-27,8882,8882,8824.57142857143,8875.857142857143,51.285714285713766,348.0051020408164,WARN
2024-03-28,7443,7443,8558.714285714286,8824.57142857143,265.8571428571431,354.90306122448976,WARN
2024-03-29,7867,7867,8398.142857142857,8558.714285714286,160.57142857142935,357.98979591836735,WARN
2024-03-30,7341,7341,8350.714285714286,8398.142857142857,47.42857142857065,359.3163265306122,WARN
2024-03-31,7373,7373,8255.0,8350.714285714286,95.71428571428623,357.7244897959184,WARN
2024-04-01,6863,6863,7893.857142857143,8255.0,361.1428571428569,351.8061224489797,WARN
2024-04-02,6354,6354,7446.142857142857,7893.857142857143,447.71428571428623,344.90816326530614,WARN
2024-04-03,5844,5844,7012.142857142857,7446.142857142857,434.0,334.73979591836735,WARN
2024-04-04,5334,5334,6710.857142857143,7012.142857142857,301.28571428571377,312.23979591836735,OK
2024-04-05,4824,4824,6276.142857142857,6710.857142857143,434.71428571428623,294.5051020408164,OK
2024-04-06,4314,4314,5843.714285714285,6276.142857142857,432.42857142857156,308.295918367347,OK
2024-04-07,3805,3805,5334.0,5843.714285714285,509.7142857142853,318.6377551020409,OK
2024-04-08,3295,3295,4824.285714285715,5334.0,509.7142857142853,314.8724489795918,OK
2024-04-09,9765,9765,5311.571428571428,4824.285714285715,487.28571428571377,304.0459183673469,OK
2024-04-10,9491,9491,5832.571428571428,5311.571428571428,521.0,291.9285714285714,OK
2024-04-11,6588,6588,6011.714285714285,5832.571428571428,179.14285714285688,262.48469387755097,OK
2024-04-12,7340,7340,6371.142857142857,6011.714285714285,359.42857142857156,238.03571428571422,OK
2024-04-13,6700,6700,6712.0,6371.142857142857,340.8571428571431,250.18877551020407,OK
2024-04-14,7805,7805,7283.428571428572,6712.0,571.4285714285716,269.7448979591837,OK
2024-04-15,15899,15899,9084.0,7283.428571428572,1800.5714285714284,326.8316326530612,WARN
2024-04-16,10454,10454,9182.42857142857,9084.0,98.42857142857065,322.454081632653,WARN
2024-04-17,9307,9307,9156.142857142857,9182.42857142857,26.285714285713766,322.27551020408157,WARN
2024-04-18,8936,8936,9491.57142857143,9156.142857142857,335.42857142857247,333.09183673469386,WARN
2024-04-19,9397,9397,9785.42857142857,9491.57142857143,293.8571428571413,343.0408163265305,WARN
2024-04-20,8022,8022,9974.285714285714,9785.42857142857,188.85714285714312,348.8622448979591,WARN
2024-04-21,8050,8050,10009.285714285714,9974.285714285714,35.0,347.8826530612244,WARN
2024-04-22,9435,9435,9085.857142857143,10009.285714285714,923.4285714285706,374.74489795918356,WARN
2024-04-23,8609,8609,8822.285714285714,9085.857142857143,263.57142857142935,374.1479591836734,WARN
2024-04-24,8743,8743,8741.714285714286,8822.285714285714,80.57142857142753,375.1938775510203,WARN
2024-04-25,8630,8630,8698.0,8741.714285714286,43.714285714286234,367.2602040816326,WARN
2024-04-26,8787,8787,8610.857142857143,8698.0,87.14285714285688,364.63775510204067,WARN
2024-04-27,7312,7312,8509.42857142857,8610.857142857143,101.42857142857247,366.5663265306122,WARN
2024-04-28,8879,8879,8627.857142857143,8509.42857142857,118.42857142857247,367.37755102040813,WARN
2024-04-29,9918,9918,8696.857142857143,8627.857142857143,69.0,356.94387755102036,WARN
2024-04-30,8638,8638,8701.0,8696.857142857143,4.142857142856883,341.10204081632645,WARN
2024-05-01,8413,8413,8653.857142857143,8701.0,47.14285714285688,327.2857142857142,WARN
2024-05-02,8189,8189,8590.857142857143,8653.857142857143,63.0,318.77551020408157,OK
2024-05-03,7964,7964,8473.285714285714,8590.857142857143,117.57142857142935,307.4489795918367,OK
2024-05-04,7740,7740,8534.42857142857,8473.285714285714,61.14285714285688,294.18877551020404,OK
2024-05-05,7515,7515,8339.57142857143,8534.42857142857,194.8571428571413,282.9438775510203,OK
2024-05-06,7290,7290,7964.142857142857,8339.57142857143,375.42857142857247,278.14795918367344,OK
2024-05-07,7066,7066,7739.571428571428,7964.142857142857,224.57142857142844,268.765306122449,OK
2024-05-08,6841,6841,7515.0,7739.571428571428,224.57142857142844,258.1785714285714,OK
2024-05-09,6617,6617,7290.428571428572,7515.0,224.57142857142844,259.80102040816325,OK
2024-05-10,6392,6392,7065.857142857143,7290.428571428572,224.57142857142844,254.984693877551,OK
2024-05-11,8083,8083,7114.857142857143,7065.857142857143,49.0,244.56122448979588,OK
2024-05-12,7372,7372,7094.428571428572,7114.857142857143,20.42857142857156,224.88265306122443,OK
2024-05-13,9703,9703,7439.142857142857,7094.428571428572,344.7142857142853,172.88775510204076,OK
2024-05-14,9801,9801,7829.857142857143,7439.142857142857,390.71428571428623,183.32653061224488,OK
2024-05-15,8087,8087,8007.857142857143,7829.857142857143,178.0,188.74489795918367,OK
2024-05-16,9126,9126,8366.285714285714,8007.857142857143,358.42857142857065,189.5663265306122,OK
2024-05-17,10060,10060,8890.285714285714,8366.285714285714,524.0,197.78571428571428,OK
2024-05-18,8128,8128,8896.714285714286,8890.285714285714,6.428571428572468,191.27040816326533,OK
2024-05-19,9379,9379,9183.42857142857,8896.714285714286,286.7142857142844,200.26020408163262,OK
2024-05-20,10059,10059,9234.285714285714,9183.42857142857,50.85714285714312,169.0969387755102,OK
2024-05-21,9915,9915,9250.57142857143,9234.285714285714,16.285714285715585,160.265306122449,OK
2024-05-22,10073,10073,9534.285714285714,9250.57142857143,283.7142857142844,167.52040816326533,OK
2024-05-23,9332,9332,9563.714285714286,9534.285714285714,29.428571428572468,167.0102040816327,OK
2024-05-24,9803,9803,9527.0,9563.714285714286,36.714285714286234,165.20918367346945,OK
2024-05-25,8425,8425,9569.42857142857,9527.0,42.42857142857065,163.10204081632654,OK
2024-05-26,8883,8883,9498.57142857143,9569.42857142857,70.8571428571413,161.4030612244897,OK
2024-05-27,7055,7055,9069.42857142857,9498.57142857143,429.1428571428587,174.26530612244895,OK
2024-05-28,10447,10447,9145.42857142857,9069.42857142857,76.0,176.8316326530612,OK
2024-05-29,9856,9856,9114.42857142857,9145.42857142857,31.0,176.25510204081633,OK
2024-05-30,9950,9950,9202.714285714286,9114.42857142857,88.28571428571558,177.15816326530617,OK
2024-05-31,10071,10071,9241.0,9202.714285714286,38.285714285713766,174.32653061224488,OK
2024-06-01,9834,9834,9442.285714285714,9241.0,201.28571428571377,179.3316326530612,OK
2024-06-02,9597,9597,9544.285714285714,9442.285714285714,102.0,176.015306122449,OK
2024-06-03,9360,9360,9873.57142857143,9544.285714285714,329.2857142857156,174.36734693877557,OK
2024-06-04,9123,9123,9684.42857142857,9873.57142857143,189.1428571428587,173.10204081632665,OK
2024-06-05,8886,8886,9545.857142857143,9684.42857142857,138.57142857142753,170.03061224489804,OK
2024-06-06,8650,8650,9360.142857142857,9545.857142857143,185.71428571428623,168.64285714285725,OK
2024-06-07,8413,8413,9123.285714285714,9360.142857142857,236.85714285714312,169.08163265306135,OK
2024-06-08,8176,8176,8886.42857142857,9123.285714285714,236.85714285714312,175.79081632653075,OK
2024-06-09,7939,7939,8649.57142857143,8886.42857142857,236.8571428571413,183.52040816326536,OK
2024-06-10,7702,7702,8412.714285714286,8649.57142857143,236.85714285714312,179.66836734693885,OK
2024-06-11,7465,7465,8175.857142857143,8412.714285714286,236.85714285714312,174.17346938775518,OK
2024-06-12,9745,9745,8298.57142857143,8175.857142857143,122.71428571428623,172.19897959183683,OK
2024-06-13,9839,9839,8468.42857142857,8298.57142857143,169.8571428571413,165.46428571428578,OK
2024-06-14,9729,9729,8656.42857142857,8468.42857142857,188.0,153.46428571428578,OK
2024-06-15,9712,9712,8875.857142857143,8656.42857142857,219.42857142857247,161.07142857142864,OK
2024-06-16,11083,11083,9325.0,8875.857142857143,449.1428571428569,166.87244897959195,OK
2024-06-17,10676,10676,9749.857142857143,9325.0,424.8571428571431,180.22959183673478,OK
2024-06-18,9791,9791,10082.142857142857,9749.857142857143,332.28571428571377,191.515306122449,OK
2024-06-19,9186,9186,10002.285714285714,10082.142857142857,79.85714285714312,184.2346938775511,OK
2024-06-20,10530,10530,10101.0,10002.285714285714,98.71428571428623,186.70918367346945,OK
2024-06-21,10450,10450,10204.0,10101.0,103.0,189.07653061224497,OK
2024-06-22,9246,9246,10137.42857142857,10204.0,66.57142857142935,189.93877551020418,OK
2024-06-23,10017,10017,9985.142857142857,10137.42857142857,152.28571428571377,192.84693877551035,OK
2024-06-24,11461,11461,10097.285714285714,9985.142857142857,112.14285714285688,181.5255102040817,OK
2024-06-25,10756,10756,10235.142857142857,10097.285714285714,137.85714285714312,183.7346938775511,OK
2024-06-26,10496,10496,10422.285714285714,10235.142857142857,187.14285714285688,189.311224489796,OK
2024-06-27,10970,10970,10485.142857142857,10422.285714285714,62.85714285714312,188.40306122448985,OK
2024-06-28,11062,11062,10572.57142857143,10485.142857142857,87.42857142857247,190.15816326530623,OK
2024-06-29,9348,9348,10587.142857142857,10572.57142857143,14.571428571427532,183.48979591836743,OK
2024-06-30,8438,8438,10361.57142857143,10587.142857142857,225.57142857142753,187.90306122448985,OK
2024-07-01,7688,7688,9822.57142857143,10361.57142857143,539.0,195.39285714285714,OK
2024-07-02,6938,6938,9277.142857142857,9822.57142857143,545.4285714285725,208.11734693877548,OK
2024-07-03,6188,6188,8661.714285714286,9277.142857142857,615.4285714285706,225.14795918367346,OK
2024-07-04,5438,5438,7871.428571428572,8661.714285714286,790.2857142857147,246.73979591836732,OK
2024-07-05,4688,4688,6960.857142857143,7871.428571428572,910.5714285714284,270.80102040816325,OK
2024-07-06,3937,3937,6187.857142857143,6960.857142857143,773.0,289.9489795918367,OK
2024-07-07,3187,3187,5437.714285714285,6187.857142857143,750.1428571428578,308.280612244898,OK
2024-07-08,2437,2437,4687.571428571428,5437.714285714285,750.1428571428569,326.6122448979592,WARN
2024-07-09,1687,1687,3937.4285714285716,4687.571428571428,750.1428571428569,344.9438775510204,WARN
2024-07-10,937,937,3187.285714285714,3937.4285714285716,750.1428571428573,367.35204081632656,WARN
2024-07-11,8873,8873,3678.0,3187.285714285714,490.7142857142858,378.81122448979596,ALERT
2024-07-12,8233,8233,4184.428571428572,3678.0,506.42857142857156,390.1836734693878,ALERT
2024-07-13,7362,7362,4673.714285714285,4184.428571428572,489.28571428571377,399.82142857142856,ALERT
2024-07-14,12271,12271,5971.428571428572,4673.714285714285,1297.7142857142862,430.1275510204082,ALERT
2024-07-15,10126,10126,7069.857142857143,5971.428571428572,1098.4285714285716,454.1836734693878,ALERT
2024-07-16,10333,10333,8305.0,7069.857142857143,1235.1428571428569,486.42857142857144,ALERT
2024-07-17,9329,9329,9503.857142857143,8305.0,1198.8571428571431,526.3928571428571,ALERT
2024-07-18,9383,9383,9576.714285714286,9503.857142857143,72.85714285714312,525.469387755102,ALERT
2024-07-19,8387,8387,9598.714285714286,9576.714285714286,22.0,522.5765306122449,ALERT
2024-07-20,8933,8933,9823.142857142857,9598.714285714286,224.42857142857065,528.2142857142857,ALERT
2024-07-21,8644,8644,9305.0,9823.142857142857,518.1428571428569,541.280612244898,ALERT
2024-07-22,9759,9759,9252.57142857143,9305.0,52.42857142857065,539.1479591836734,ALERT
2024-07-23,9321,9321,9108.0,9252.57142857143,144.57142857142935,539.3877551020407,ALERT
2024-07-24,9287,9287,9102.0,9108.0,6.0,532.9183673469388,ALERT
2024-07-25,9846,9846,9168.142857142857,9102.0,66.14285714285688,533.0357142857143,ALERT
2024-07-26,9454,9454,9320.57142857143,9168.142857142857,152.42857142857247,535.3571428571429,ALERT
2024-07-27,9189,9189,9357.142857142857,9320.57142857143,36.57142857142753,536.1428571428571,ALERT
2024-07-28,9695,9695,9507.285714285714,9357.142857142857,150.14285714285688,533.4489795918367,ALERT
2024-07-29,10350,10350,9591.714285714286,9507.285714285714,84.42857142857247,517.2142857142857,ALERT
2024-07-30,9827,9827,9664.0,9591.714285714286,72.28571428571377,500.3163265306122,ALERT
2024-07-31,10461,10461,9831.714285714286,9664.0,167.71428571428623,484.32653061224494,ALERT
2024-08-01,10106,10106,9868.857142857143,9831.714285714286,37.14285714285688,457.42857142857144,ALERT
2024-08-02,9751,9751,9911.285714285714,9868.857142857143,42.42857142857065,426.42346938775506,ALERT
2024-08-03,9396,9396,9940.857142857143,9911.285714285714,29.57142857142935,399.87244897959187,ALERT
2024-08-04,9041,9041,9847.42857142857,9940.857142857143,93.42857142857247,376.4183673469388,WARN
2024-08-05,8686,8686,9609.714285714286,9847.42857142857,237.71428571428442,358.1173469387755,WARN
2024-08-06,8331,8331,9396.0,9609.714285714286,213.71428571428623,338.95918367346934,WARN
2024-08-07,7976,7976,9041.0,9396.0,355.0,324.84693877551024,WARN
2024-08-08,7621,7621,8686.0,9041.0,355.0,320.0,OK
2024-08-09,7266,7266,8331.0,8686.0,355.0,314.59183673469386,OK
2024-08-10,6911,6911,7976.0,8331.0,355.0,309.7959183673469,OK
2024-08-11,9695,9695,8069.428571428572,7976.0,93.42857142857156,266.7857142857143,OK
2024-08-12,10122,10122,8274.57142857143,8069.428571428572,205.1428571428578,234.88265306122452,OK
2024-08-13,9625,9625,8459.42857142857,8274.57142857143,184.8571428571413,197.3724489795918,OK
2024-08-14,9624,9624,8694.857142857143,8459.42857142857,235.42857142857247,162.96428571428572,OK
2024-08-15,9165,9165,8915.42857142857,8694.857142857143,220.57142857142753,168.2397959183673,OK
2024-08-16,9542,9542,9240.57142857143,8915.42857142857,325.1428571428587,179.06632653061226,OK
2024-08-17,8367,8367,9448.57142857143,9240.57142857143,208.0,178.47959183673473,OK
2024-08-18,7679,7679,9160.57142857143,9448.57142857143,288.0,170.2602040816327,OK
2024-08-19,9778,9778,9111.42857142857,9160.57142857143,49.1428571428587,170.14285714285728,OK
2024-08-20,9553,9553,9101.142857142857,9111.42857142857,10.285714285713766,165.3469387755103,OK
2024-08-21,9156,9156,9034.285714285714,9101.142857142857,66.85714285714312,167.5204081632654,OK
2024-08-22,9336,9336,9058.714285714286,9034.285714285714,24.428571428572468,166.0306122448981,OK
2024-08-23,9098,9098,8995.285714285714,9058.714285714286,63.42857142857247,162.85204081632668,OK
2024-08-24,8747,8747,9049.57142857143,8995.285714285714,54.285714285715585,163.48469387755125,OK
2024-08-25,8800,8800,9209.714285714286,9049.57142857143,160.14285714285688,163.8418367346941,OK
2024-08-26,9353,9353,9149.0,9209.714285714286,60.714285714286234,162.99489795918387,OK
2024-08-27,9393,9393,9126.142857142857,9149.0,22.857142857143117,161.22959183673493,OK
2024-08-28,9177,9177,9129.142857142857,9126.142857142857,3.0,155.3469387755104,OK
2024-08-29,9186,9186,9107.714285714286,9129.142857142857,21.42857142857065,154.78571428571448,OK
2024-08-30,8820,8820,9068.0,9107.714285714286,39.714285714286234,154.68877551020432,OK
2024-08-31,8873,8873,9086.0,9068.0,18.0,154.27551020408185,OK
2024-09-01,8214,8214,9002.285714285714,9086.0,83.71428571428623,153.92857142857162,OK
2024-09-02,7554,7554,8745.285714285714,9002.285714285714,257.0,154.61734693877574,OK
2024-09-03,6895,6895,8388.42857142857,8745.285714285714,356.8571428571431,159.72959183673493,OK
2024-09-04,6236,6236,7968.285714285715,8388.42857142857,420.142857142856,162.05612244897978,OK
2024-09-05,5577,5577,7452.714285714285,7968.285714285715,515.5714285714294,167.79081632653083,OK
2024-09-06,4917,4917,6895.142857142857,7452.714285714285,557.5714285714284,175.02551020408185,OK
2024-09-07,4258,4258,6235.857142857143,6895.142857142857,659.2857142857138,185.89285714285734,OK
2024-09-08,3599,3599,5576.571428571428,6235.857142857143,659.2857142857147,206.10204081632673,OK
2024-09-09,2940,2940,4917.428571428572,5576.571428571428,659.1428571428569,222.31632653061243,OK
2024-09-10,2280,2280,4258.142857142857,4917.428571428572,659.2857142857147,239.2602040816329,OK
2024-09-11,1621,1621,3598.8571428571427,4258.142857142857,659.2857142857142,254.39795918367366,OK
2024-09-12,11060,11060,4382.142857142857,3598.8571428571427,783.2857142857142,274.4948979591839,OK
2024-09-13,11081,11081,5262.714285714285,4382.142857142857,880.5714285714284,294.3316326530614,OK
2024-09-14,10768,10768,6192.714285714285,5262.714285714285,930.0,320.1173469387757,OK
2024-09-15,14585,14585,7762.142857142857,6192.714285714285,1569.4285714285716,365.88265306122463,WARN
2024-09-16,12970,12970,9195.0,7762.142857142857,1432.8571428571431,415.3010204081634,ALERT
2024-09-17,10156,10156,10320.142857142857,9195.0,1125.1428571428569,455.1173469387756,ALERT
2024-09-18,9846,9846,11495.142857142857,10320.142857142857,1175.0,494.6938775510206,ALERT
2024-09-19,10116,10116,11360.285714285714,11495.142857142857,134.85714285714312,498.6377551020409,ALERT
2024-09-20,9934,9934,11196.42857142857,11360.285714285714,163.85714285714312,502.2244897959185,ALERT
2024-09-21,9307,9307,10987.714285714286,11196.42857142857,208.71428571428442,507.73979591836735,ALERT
2024-09-22,11023,11023,10478.857142857143,10987.714285714286,508.8571428571431,520.1938775510205,ALERT
2024-09-23,13354,13354,10533.714285714286,10478.857142857143,54.85714285714312,519.984693877551,ALERT
2024-09-24,9817,9817,10485.285714285714,10533.714285714286,48.42857142857247,520.8979591836735,ALERT
2024-09-25,9429,9429,10425.714285714286,10485.285714285714,59.57142857142753,522.9183673469388,ALERT
2024-09-26,9293,9293,10308.142857142857,10425.714285714286,117.57142857142935,526.3520408163266,ALERT
2024-09-27,10057,10057,10325.714285714286,10308.142857142857,17.57142857142935,525.5612244897959,ALERT
2024-09-28,7453,7453,10060.857142857143,10325.714285714286,264.8571428571431,534.3775510204083,ALERT
2024-09-29,7703,7703,9586.57142857143,10060.857142857143,474.28571428571377,548.3265306122449,ALERT
2024-09-30,10427,10427,9168.42857142857,9586.57142857143,418.1428571428587,554.0816326530613,ALERT
2024-10-01,10146,10146,9215.42857142857,9168.42857142857,47.0,543.015306122449,ALERT
2024-10-02,9865,9865,9277.714285714286,9215.42857142857,62.285714285715585,530.2346938775512,ALERT
2024-10-03,9584,9584,9319.285714285714,9277.714285714286,41.57142857142753,513.3061224489796,ALERT
2024-10-04,9303,9303,9211.57142857143,9319.285714285714,107.71428571428442,497.23979591836735,ALERT
2024-10-05,9022,9022,9435.714285714286,9211.57142857143,224.14285714285688,481.6989795918368,ALERT
2024-10-06,8740,8740,9583.857142857143,9435.714285714286,148.14285714285688,463.4438775510204,ALERT
2024-10-07,8459,8459,9302.714285714286,9583.857142857143,281.1428571428569,449.9438775510204,ALERT
2024-10-08,8178,8178,9021.57142857143,9302.714285714286,281.1428571428569,436.43877551020404,ALERT
2024-10-09,7897,7897,8740.42857142857,9021.57142857143,281.1428571428587,422.9336734693878,ALERT
2024-10-10,7616,7616,8459.285714285714,8740.42857142857,281.1428571428569,405.0000000000001,ALERT
2024-10-11,7335,7335,8178.142857142857,8459.285714285714,281.1428571428569,383.59183673469397,ALERT
2024-10-12,7054,7054,7897.0,8178.142857142857,281.1428571428569,360.4183673469388,WARN
2024-10-13,9175,9175,7959.142857142857,7897.0,62.14285714285688,306.5867346938776,OK
2024-10-14,8518,8518,7967.571428571428,7959.142857142857,8.428571428571558,255.71428571428575,OK
2024-10-15,12042,12042,8519.57142857143,7967.571428571428,552.0000000000009,235.24489795918376,OK
2024-10-16,11159,11159,8985.57142857143,8519.57142857143,466.0,209.92346938775518,OK
2024-10-17,10604,10604,9412.42857142857,8985.57142857143,426.8571428571413,220.35204081632654,OK
2024-10-18,9946,9946,9785.42857142857,9412.42857142857,373.0,227.82142857142858,OK
2024-10-19,9060,9060,10072.0,9785.42857142857,286.57142857142935,230.6020408163266,OK
2024-10-20,8965,8965,10042.0,10072.0,30.0,213.50000000000006,OK
2024-10-21,10509,10509,10326.42857142857,10042.0,284.42857142857065,221.69897959183677,OK
2024-10-22,10363,10363,10086.57142857143,10326.42857142857,239.8571428571413,228.53571428571422,OK
2024-10-23,9762,9762,9887.0,10086.57142857143,199.57142857142935,233.53571428571428,OK
2024-10-24,8783,8783,9626.857142857143,9887.0,260.1428571428569,238.62755102040813,OK
2024-10-25,9223,9223,9523.57142857143,9626.857142857143,103.28571428571377,241.688775510204,OK
2024-10-26,9571,9571,9596.57142857143,9523.57142857143,73.0,234.83673469387745,OK
2024-10-27,9776,9776,9712.42857142857,9596.57142857143,115.8571428571413,222.03571428571416,OK
2024-10-28,12571,12571,10007.0,9712.42857142857,294.57142857142935,217.62244897959167,OK
2024-10-29,11875,11875,10223.0,10007.0,216.0,223.65816326530597,OK
2024-10-30,10516,10516,10330.714285714286,10223.0,107.71428571428623,225.28061224489778,OK
2024-10-31,10528,10528,10580.0,10330.714285714286,249.28571428571377,232.69897959183658,OK
2024-11-01,9559,9559,10628.0,10580.0,48.0,230.56632653061212,OK
2024-11-02,8590,8590,10487.857142857143,10628.0,140.14285714285688,227.56632653061212,OK
2024-11-03,7621,7621,10180.0,10487.857142857143,307.8571428571431,233.27040816326522,OK
2024-11-04,6652,6652,9334.42857142857,10180.0,845.5714285714294,253.42857142857136,OK
2024-11-05,5682,5682,8449.714285714286,9334.42857142857,884.7142857142844,274.9846938775509,OK
2024-11-06,4713,4713,7620.714285714285,8449.714285714286,829.0000000000009,294.5510204081632,OK
2024-11-07,3744,3744,6651.571428571428,7620.714285714285,969.1428571428569,319.12244897959175,OK
2024-11-08,2775,2775,5682.428571428572,6651.571428571428,969.1428571428569,343.6938775510203,WARN
2024-11-09,1806,1806,4713.285714285715,5682.428571428572,969.1428571428569,368.26530612244886,WARN
2024-11-10,837,837,3744.1428571428573,4713.285714285715,969.1428571428573,400.65816326530603,ALERT
2024-11-11,7910,7910,3923.8571428571427,3744.1428571428573,179.71428571428532,406.77551020408146,ALERT
2024-11-12,10555,10555,4620.0,3923.8571428571427,696.1428571428573,411.9234693877549,ALERT
2024-11-13,11116,11116,5534.714285714285,4620.0,914.7142857142853,427.9489795918366,ALERT
2024-11-14,11186,11186,6597.857142857143,5534.714285714285,1063.1428571428578,450.67346938775506,ALERT
2024-11-15,9881,9881,7613.0,6597.857142857143,1015.1428571428569,473.6071428571427,ALERT
2024-11-16,8441,8441,8560.857142857143,7613.0,947.8571428571431,497.2244897959182,ALERT
2024-11-17,8334,8334,9631.857142857143,8560.857142857143,1071.0,534.4030612244896,ALERT
2024-11-18,12070,12070,10226.142857142857,9631.857142857143,594.2857142857138,545.4693877551019,ALERT
2024-11-19,14547,14547,10796.42857142857,10226.142857142857,570.2857142857138,557.2704081632653,ALERT
2024-11-20,13821,13821,11182.857142857143,10796.42857142857,386.42857142857247,563.9438775510204,ALERT
2024-11-21,10082,10082,11025.142857142857,11182.857142857143,157.71428571428623,560.2857142857143,ALERT
2024-11-22,10726,10726,11145.857142857143,11025.142857142857,120.71428571428623,560.9081632653061,ALERT
2024-11-23,8857,8857,11205.285714285714,11145.857142857143,59.42857142857065,560.4234693877551,ALERT
2024-11-24,8900,8900,11286.142857142857,11205.285714285714,80.85714285714312,559.1734693877552,ALERT
2024-11-25,10700,10700,11090.42857142857,11286.142857142857,195.71428571428623,555.6428571428571,ALERT
2024-11-26,8969,8969,10293.57142857143,11090.42857142857,796.8571428571413,576.3877551020407,ALERT
2024-11-27,8718,8718,9564.57142857143,10293.57142857143,729.0,598.5765306122448,ALERT
2024-11-28,6512,6512,9054.57142857143,9564.57142857143,510.0,607.8877551020407,ALERT
2024-11-29,8973,8973,8804.142857142857,9054.57142857143,250.42857142857247,615.1173469387755,ALERT
2024-11-30,8865,8865,8805.285714285714,8804.142857142857,1.142857142856883,610.1530612244898,ALERT
2024-12-01,8659,8659,8770.857142857143,8805.285714285714,34.42857142857065,600.3877551020407,ALERT
2024-12-02,8452,8452,8449.714285714286,8770.857142857143,321.1428571428569,581.658163265306,ALERT
2024-12-03,8246,8246,8346.42857142857,8449.714285714286,103.28571428571558,553.75,ALERT
2024-12-04,8040,8040,8249.57142857143,8346.42857142857,96.8571428571413,527.6020408163265,ALERT
2024-12-05,7833,7833,8438.285714285714,8249.57142857143,188.71428571428442,499.7295918367346,ALERT
2024-12-06,7627,7627,8246.0,8438.285714285714,192.28571428571377,471.98469387755097,ALERT
2024-12-07,7421,7421,8039.714285714285,8246.0,206.28571428571468,444.73979591836724,ALERT
2024-12-08,7214,7214,7833.285714285715,8039.714285714285,206.42857142857065,417.4999999999999,ALERT
2024-12-09,7008,7008,7627.0,7833.285714285715,206.28571428571468,418.4489795918367,ALERT
2024-12-10,6802,6802,7420.714285714285,7627.0,206.28571428571468,400.95408163265296,ALERT
2024-12-11,6595,6595,7214.285714285715,7420.714285714285,206.42857142857065,375.65816326530603,WARN
2024-12-12,6389,6389,7008.0,7214.285714285715,206.28571428571468,345.0561224489794,WARN
2024-12-13,11005,11005,7490.571428571428,7008.0,482.57142857142844,326.0357142857142,WARN
2024-12-14,9488,9488,7785.857142857143,7490.571428571428,295.2857142857147,302.7295918367346,OK
2024-12-15,9906,9906,8170.428571428572,7785.857142857143,384.57142857142844,278.2142857142856,OK
2024-12-16,14536,14536,9245.857142857143,8170.428571428572,1075.4285714285716,295.3979591836734,OK
2024-12-17,13364,13364,10183.285714285714,9245.857142857143,937.4285714285706,308.5102040816326,OK
2024-12-18,9184,9184,10553.142857142857,10183.285714285714,369.8571428571431,307.9183673469387,OK
2024-12-19,9385,9385,10981.142857142857,10553.142857142857,428.0,317.57142857142844,OK
2024-12-20,9446,9446,10758.42857142857,10981.142857142857,222.71428571428623,321.2142857142856,OK
2024-12-21,8254,8254,10582.142857142857,10758.42857142857,176.28571428571377,325.38775510204067,WARN
2024-12-22,11568,11568,10819.57142857143,10582.142857142857,237.42857142857247,330.9795918367346,WARN
2024-12-23,12819,12819,10574.285714285714,10819.57142857143,245.28571428571558,332.74999999999994,WARN
2024-12-24,8603,8603,9894.142857142857,10574.285714285714,680.1428571428569,328.5816326530612,WARN
2024-12-25,6461,6461,9505.142857142857,9894.142857142857,389.0,316.43877551020404,OK
2024-12-26,8785,8785,9419.42857142857,9505.142857142857,85.71428571428623,301.2857142857143,OK
2024-12-27,8580,8580,9295.714285714286,9419.42857142857,123.71428571428442,296.7602040816326,OK
2024-12-28,7561,7561,9196.714285714286,9295.714285714286,99.0,300.25510204081627,OK
2024-12-29,11235,11235,9149.142857142857,9196.714285714286,47.57142857142935,300.7244897959184,OK
2024-12-30,11680,11680,8986.42857142857,9149.142857142857,162.71428571428623,295.06632653061223,OK
2024-12-31,11751,11751,9436.142857142857,8986.42857142857,449.71428571428623,307.43877551020404,OK
